filename,class_name,stem,raw_split,gt_area,pseudo_area,pred_area,prob_mean,prob_p95,pseudo_iou,pseudo_dice,pseudo_precision,pseudo_recall,pseudo_f1,pseudo_pixel_accuracy,pseudo_specificity,pseudo_tp,pseudo_fp,pseudo_fn,pseudo_tn,pred_iou,pred_dice,pred_precision,pred_recall,pred_f1,pred_pixel_accuracy,pred_specificity,pred_tp,pred_fp,pred_fn,pred_tn
to_label_134.jpg,ALGAL_LEAF_SPOT,to_label_134,test,0.004763233418367347,0.0,0.3460220025510204,0.40075504779815674,0.9881722331047058,0.0,0.0,0.0,0.0,0.0,0.9952367665796491,0.9999999999979975,0,0,239,49937,0.008768913342453182,0.01738537583081992,0.008812348807690287,0.6401673637488839,0.017385373151843395,0.6553132971925715,0.6553857860891615,153,17209,86,32728
to_label_177.jpg,ALGAL_LEAF_SPOT,to_label_177,test,0.020627391581632654,0.0,0.4362244897959184,0.41558533906936646,0.9851441979408264,0.0,0.0,0.0,0.0,0.0,0.9793726084164155,0.9999999999979651,0,0,1035,49141,0.039827625311681436,0.0766042839066588,0.040113304093383984,0.8483091786619991,0.07660427528381936,0.5781449298457866,0.5724547729989775,878,21010,157,28131
to_label_19.jpg,ALGAL_LEAF_SPOT,to_label_19,train,0.018415178571428572,0.19573102678571427,0.20334422831632654,0.20856429636478424,0.998625636100769,0.09386134582007674,0.17161470451213015,0.09388046023730902,0.997835497727507,0.17161468879081324,0.8226044323963198,0.8193169820498267,922,8899,2,40353,0.0903478686909324,0.16572301608550621,0.09036557875046196,0.997835497727507,0.16572300085493788,0.8149912308657227,0.8115609518378715,922,9281,2,39971
to_label_197.jpg,ALGAL_LEAF_SPOT,to_label_197,test,0.009546396683673469,0.0,0.5169802295918368,0.513050377368927,0.9950618743896484,0.0,0.0,0.0,0.0,0.0,0.9904536033143525,0.9999999999979878,0,0,479,49697,0.018465690053899513,0.036261781293628594,0.018465690053899513,0.9999999997912317,0.036261777733059386,0.49256616709085504,0.4876753123921209,479,25461,0,24236
to_label_199.jpg,ALGAL_LEAF_SPOT,to_label_199,test,0.01189811862244898,0.0,0.32077088647959184,0.35984328389167786,0.9937468767166138,0.0,0.0,0.0,0.0,0.0,0.9881018813755817,0.999999999997983,0,0,597,49579,0.024929387203580195,0.04864605799156095,0.025225225225068496,0.6800670015611279,0.04864605109397939,0.6835140306108827,0.6835555376254391,406,15689,191,33890
to_label_20.jpg,ALGAL_LEAF_SPOT,to_label_20,train,0.06435347576530612,0.20876514668367346,0.21107700892857142,0.2226327359676361,0.998885989189148,0.20538305919425293,0.34077641564258043,0.2229116945086118,0.7231340972213337,0.3407763796189643,0.8199537627534679,0.8266129891136247,2335,8140,894,38807,0.20341344479098386,0.33806078147367535,0.22056463034443805,0.7234437906248546,0.33806074566002897,0.817681760202452,0.824163418321034,2336,8255,893,38692
to_label_21.jpg,ALGAL_LEAF_SPOT,to_label_21,train,0.028360172193877552,0.21627869897959184,0.23050860969387754,0.2358906865119934,0.9964238405227661,0.11257137677773432,0.20236252545659988,0.11444894950134123,0.8728039352865211,0.20236250495741637,0.8048668686208449,0.8028839250901424,1242,9610,181,39143,0.11397941680862796,0.204634690890718,0.11490575825596656,0.9339423751978958,0.204634671378723,0.7941047512739275,0.7900231780592168,1329,10237,94,38516
to_label_221.jpg,ALGAL_LEAF_SPOT,to_label_221,test,0.012137276785714286,0.0,0.4714205994897959,0.457952082157135,0.9785296320915222,0.0,0.0,0.0,0.0,0.0,0.9878627232123169,0.9999999999979825,0,0,609,49567,0.0208692725206342,0.04088529860264235,0.02096896930742805,0.8144499177644582,0.040885293708486606,0.5362125318866864,0.532793996004332,496,23158,113,26409
to_label_24.jpg,ALGAL_LEAF_SPOT,to_label_24,train,0.018494897959183673,0.3315330038265306,0.3332469706632653,0.3422141671180725,0.9800398945808411,0.051550712489213564,0.09804703068895947,0.051758340847299314,0.9278017240379525,0.09804702067910988,0.6842912946414933,0.6797027290434541,861,15774,67,33474,0.05159983316420425,0.09813587172022134,0.05179116081543095,0.9331896550718546,0.09813586175643961,0.6827766262741495,0.6780579922013522,866,15855,62,33393
to_label_26.jpg,ALGAL_LEAF_SPOT,to_label_26,train,0.013073979591836735,0.1814014668367347,0.17729591836734693,0.18354983627796173,0.9990426301956177,0.07207207207128023,0.13445378151122714,0.07207207207128023,0.999999999847561,0.13445376896836325,0.8316725127534446,0.8294426494328969,656,8446,0,41074,0.07374100719341567,0.13735343383440793,0.07374100719341567,0.999999999847561,0.13735342104092604,0.835778061222824,0.8336025848125331,656,8240,0,41280
to_label_32.jpg,ALGAL_LEAF_SPOT,to_label_32,train,0.030233577806122448,0.20005580357142858,0.19895966198979592,0.20702019333839417,0.9939481616020203,0.14473944917629541,0.2528775421873399,0.14554692169609934,0.9630850361922818,0.25287751937528036,0.8279456313759009,0.8237325058040162,1461,8577,56,40082,0.14564654313463193,0.2542608695630064,0.14644896323603676,0.9637442319733853,0.254260846658399,0.8290816326514089,0.8248833720363655,1462,8521,55,40138
to_label_33.jpg,ALGAL_LEAF_SPOT,to_label_33,train,0.03866390306122449,0.25892857142857145,0.28097098214285715,0.28042134642601013,0.985633134841919,0.12026408582699179,0.21470667023697623,0.12338362068870548,0.8262886597512222,0.21470664762703942,0.7663026147943911,0.7638900406319681,1603,11389,337,36847,0.10591642531991506,0.191545080432775,0.10895162434310575,0.7917525772787756,0.19154505916543593,0.7415896045903587,0.7395721038213376,1536,12562,404,35674
to_label_339.jpg,ALGAL_LEAF_SPOT,to_label_339,test,0.02325813137755102,0.0,0.43257732780612246,0.462567001581192,0.9903264045715332,0.0,0.0,0.0,0.0,0.0,0.9767418686205024,0.9999999999979595,0,0,1167,49009,0.04739662041467511,0.09050367261240598,0.04768486523820463,0.8868894600782442,0.09050366292806536,0.5854193239784251,0.5782407312930722,1035,20670,132,28339
to_label_36.jpg,ALGAL_LEAF_SPOT,to_label_36,train,0.020926339285714284,0.3079161352040816,0.2550422512755102,0.26233193278312683,0.9981264472007751,0.05864237135853559,0.11078787878720735,0.05915857605139703,0.8704761903932879,0.11078786686918182,0.7075892857128755,0.7041078044198508,914,14536,136,34590,0.07133462282343261,0.1331696396321718,0.07204813628137807,0.8780952380116099,0.13316962561547002,0.7607820471923613,0.7582746407182382,922,11875,128,37251
to_label_361.jpg,ALGAL_LEAF_SPOT,to_label_361,test,0.010463169642857142,0.0,0.36918048469387754,0.38828909397125244,0.9855663180351257,0.0,0.0,0.0,0.0,0.0,0.9895368303551707,0.9999999999979859,0,0,525,49651,0.025131848024835153,0.04903144521996414,0.02521053768071037,0.8895238093543765,0.049031439859523206,0.6389708227028081,0.636321524237908,467,18057,58,31594
to_label_39.jpg,ALGAL_LEAF_SPOT,to_label_39,train,0.07698899872448979,0.23046875,0.18865593112244897,0.19839723408222198,0.9974110722541809,0.274958677683678,0.4313217086897561,0.2877032168774844,0.8612477348987511,0.4313216711464829,0.8251554528044779,0.8221449700930146,3327,8237,536,38076,0.35086652477601227,0.5194688273649976,0.36572998098071274,0.8961946673337771,0.5194687861962981,0.8723493303554043,0.8703603739751897,3462,6004,401,40309
to_label_394.jpg,ALGAL_LEAF_SPOT,to_label_394,test,0.017518335459183673,0.0,0.29976482780612246,0.3183402121067047,0.9950710535049438,0.0,0.0,0.0,0.0,0.0,0.9824816645388582,0.9999999999979715,0,0,879,49297,0.058440263279978456,0.11042713567769831,0.058440263279978456,0.9999999998862344,0.11042712524399971,0.7177535076516307,0.7127208552230101,879,14162,0,35135
to_label_40.jpg,ALGAL_LEAF_SPOT,to_label_40,train,0.04974489795918367,0.17982700892857142,0.25711495535714285,0.2638566792011261,0.9925556182861328,0.1497155404716068,0.2604392742402948,0.16624182644169075,0.6009615384374615,0.2604392402914622,0.8302176339269168,0.8422189597297772,1500,7523,996,40157,0.14390787518466636,0.25160745599628753,0.15014339973529073,0.7760416666355753,0.2516074288286541,0.7703483737229545,0.7700503355688547,1937,10964,559,36716
to_label_576.jpg,ALGAL_LEAF_SPOT,to_label_576,test,0.026785714285714284,0.0,0.5053212691326531,0.5322243571281433,0.9842619895935059,0.0,0.0,0.0,0.0,0.0,0.9732142857123461,0.9999999999979522,0,0,1344,48832,0.03608987543158023,0.0696655305439542,0.03667915598486816,0.6919642856628002,0.06966552098270407,0.5049625318867487,0.4998156946254509,930,24425,414,24407
to_label_726.jpg,ALGAL_LEAF_SPOT,to_label_726,test,0.01905293367346939,0.0,0.43819754464285715,0.4453009068965912,0.9961707592010498,0.0,0.0,0.0,0.0,0.0,0.9809470663245756,0.9999999999979683,0,0,956,49220,0.03165609964462585,0.06136948088714915,0.032018920270923644,0.7364016735631379,0.061369472900438655,0.5708107461723317,0.5675944737899886,704,21283,252,27937
to_label_1046.jpg,ALLOCARIDARA_ATTACK,to_label_1046,test,0.05315290178571429,0.0,0.27596859056122447,0.2981034219264984,0.9976611137390137,0.0,0.0,0.0,0.0,0.0,0.9468470982123987,0.9999999999978951,0,0,2667,47509,0.19260489636605324,0.3229986677950648,0.19260489636605324,0.9999999999625048,0.32299864070965134,0.7771843112229408,0.7646761666194517,2667,11180,0,36329
to_label_1063.jpg,ALLOCARIDARA_ATTACK,to_label_1063,test,0.10040656887755102,0.0,0.30113998724489793,0.31705981492996216,0.9905897378921509,0.0,0.0,0.0,0.0,0.0,0.899593431120656,0.9999999999977845,0,0,5038,45138,0.32378449408460064,0.48918006749806836,0.3261416280587284,0.9781659388452131,0.4891800299906805,0.7948820153045383,0.7744250963694128,4928,10182,110,34956
to_label_1064.jpg,ALLOCARIDARA_ATTACK,to_label_1064,test,0.12432238520408163,0.0,0.30393016581632654,0.30069565773010254,0.981974720954895,0.0,0.0,0.0,0.0,0.0,0.8756776147941732,0.999999999997724,0,0,6238,43938,0.3199017198997549,0.48473566641621024,0.34150819671907207,0.8348829752992164,0.48473562520864477,0.7793367346923243,0.7714506805025912,5208,10042,1030,33896
to_label_1147.jpg,ALLOCARIDARA_ATTACK,to_label_1147,test,0.0846420599489796,0.0,0.5084502551020408,0.4966842532157898,0.9697381258010864,0.0,0.0,0.0,0.0,0.0,0.9153579400491961,0.9999999999978227,0,0,4247,45929,0.1633243422846514,0.2807890050059451,0.16376607086796893,0.9837532375563044,0.2807889805357853,0.5734414859682448,0.5355004463399258,4178,21334,69,24595
to_label_1297.jpg,ALLOCARIDARA_ATTACK,to_label_1297,test,0.14893574617346939,0.0,0.24579480229591838,0.2490406483411789,0.9953758716583252,0.0,0.0,0.0,0.0,0.0,0.8510642538248344,0.9999999999976582,0,0,7473,42703,0.49175265496353276,0.6592951630785656,0.5293926862845261,0.8736785761959899,0.659295116085812,0.8655133928554178,0.8640844905489916,6529,5804,944,36899
to_label_1317.jpg,ALLOCARIDARA_ATTACK,to_label_1317,test,0.2040218431122449,0.0,0.2553810586734694,0.2623538374900818,0.9961930513381958,0.0,0.0,0.0,0.0,0.0,0.7959781568861687,0.9999999999974961,0,0,10237,39939,0.7177882107406082,0.8357121166073676,0.7516778523431272,0.9409006544794285,0.8357120672286575,0.9245256696410146,0.9203285009616657,9632,3182,605,36757
to_label_1334.jpg,ALLOCARIDARA_ATTACK,to_label_1334,test,0.07605229591836735,0.0,0.3871372767857143,0.4150473177433014,0.9873177409172058,0.0,0.0,0.0,0.0,0.0,0.9239477040797912,0.999999999997843,0,0,3816,46360,0.1919072772952874,0.3220171249071812,0.19263835263736093,0.9806079664313259,0.32201709745912116,0.6859654017843472,0.6617126833462862,3742,15683,74,30677
to_label_1667.jpg,ALLOCARIDARA_ATTACK,to_label_1667,test,0.16432158801020408,0.0,0.3211694834183674,0.3239057958126068,0.9964959025382996,0.0,0.0,0.0,0.0,0.0,0.8356784119881304,0.9999999999976151,0,0,8245,41931,0.36723354099810723,0.5371921182243957,0.40601923673344076,0.7935718617247595,0.5371920734409251,0.7753109056106997,0.7717202070049087,6543,9572,1702,32359
to_label_765.jpg,ALLOCARIDARA_ATTACK,to_label_765,test,0.2176937181122449,0.0,0.2893614477040816,0.30084362626075745,0.9975336194038391,0.0,0.0,0.0,0.0,0.0,0.782306281886196,0.9999999999974524,0,0,10923,39253,0.2664011946228651,0.42072164137874096,0.3686204284016212,0.48997528151158126,0.4207215923759582,0.7062739158149189,0.7664637097781916,5352,9167,5571,30086
to_label_855.jpg,ALLOCARIDARA_ATTACK,to_label_855,train,0.11244419642857142,0.23188376913265307,0.23700573979591838,0.24720498919487,0.9946154356002808,0.46988259315577774,0.6393471088693676,0.47468844004748867,0.9789081885682576,0.6393470648818649,0.8758171237227443,0.8627565455587579,5523,6112,119,38422,0.46360601001282464,0.6335120337593617,0.4670366632991335,0.9844026940626657,0.6335119901085933,0.8719308035696908,0.8576817712290437,5554,6338,88,38196
to_label_864.jpg,ALLOCARIDARA_ATTACK,to_label_864,train,0.05707908163265306,0.2745735012755102,0.3198939732142857,0.3520983159542084,0.9881367683410645,0.1558658053750374,0.2696953308078259,0.16288016258864135,0.7835195530452682,0.26969530230922895,0.757792570151551,0.7562352045976576,2244,11533,620,35779,0.13460500269849077,0.23727200634291687,0.1398043735584088,0.7835195530452682,0.23727198064407426,0.7124720982128657,0.7081712884665451,2244,13807,620,33505
to_label_868.jpg,ALLOCARIDARA_ATTACK,to_label_868,train,0.18919403698979592,0.2864317602040816,0.2914341517857143,0.2988632023334503,0.9958087801933289,0.6133720930191091,0.7603603603571742,0.631296966319014,0.9557568734756582,0.7603603124438105,0.886021205355377,0.8697490352214199,9073,5299,420,35384,0.6177634668235207,0.7637253275801803,0.6297613348790961,0.9700832192039388,0.7637252798395454,0.8864397321410905,0.8669223016963672,9209,5414,284,35269
to_label_869.jpg,ALLOCARIDARA_ATTACK,to_label_869,train,0.14032605229591838,0.21472417091836735,0.21653778698979592,0.22189536690711975,0.9850375056266785,0.623826451548411,0.7683412854293105,0.6352329682510187,0.9720210197277088,0.7683412376204038,0.9177495216818444,0.9088906920113391,6844,3930,197,39205,0.6201592471894665,0.7655534457680914,0.6308329498331262,0.973441272532688,0.7655533980442062,0.9163345025491941,0.9070128665795595,6854,4011,187,39124
to_label_874.jpg,ALLOCARIDARA_ATTACK,to_label_874,train,0.16238839285714285,0.24186862244897958,0.3033920599489796,0.30679383873939514,0.9970006942749023,0.2713256032574658,0.4268388877912303,0.35670731707023146,0.5312960235575442,0.42683883972187003,0.7682955994882648,0.8142428856933134,4329,7807,3819,34221,0.31519414743773105,0.47931196782131996,0.3679301057586026,0.6874079528634339,0.47931192240141285,0.7574736926005312,0.7710573903093865,5601,9622,2547,32406
to_label_876.jpg,ALLOCARIDARA_ATTACK,to_label_876,train,0.20212850765306123,0.21436543367346939,0.27720424107142855,0.2866058647632599,0.9937969446182251,0.18315122006350476,0.3095990046879625,0.30076236518872473,0.31897061723211423,0.30959895472965065,0.7124521683659271,0.8121346855152817,3235,7521,6907,32513,0.23884825383620661,0.3855972724610802,0.3333812639274327,0.4572076513463103,0.3855972236860606,0.7054966517843082,0.7683968626648139,4637,9272,5505,30762
to_label_877.jpg,ALLOCARIDARA_ATTACK,to_label_877,train,0.2919921875,0.4817641900510204,0.4553172831632653,0.45698538422584534,0.9862855672836304,0.5862068965493291,0.7391304347807048,0.5935547925346727,0.9793188178214502,0.7391303877864437,0.798150510202491,0.7234342012646772,14348,9825,303,25700,0.6232467532440552,0.7679014321125213,0.6301759607781223,0.9826632994267785,0.7679013844986992,0.8265505420901894,0.7621674876825836,14397,8449,254,27076
to_label_879.jpg,ALLOCARIDARA_ATTACK,to_label_879,train,0.10574776785714286,0.23899872448979592,0.24760841836734693,0.2563439607620239,0.9982471466064453,0.44053964023617137,0.6116314024707385,0.44112741827517404,0.996984545778421,0.6116313599370399,0.86611128826358,0.8506351682619776,5290,6702,16,38168,0.4269617706203061,0.5984207557777866,0.4269961365065438,0.9998115340934827,0.5984207138331796,0.8580994897942081,0.8413416536642716,5305,7119,1,37751
to_label_884.jpg,ALLOCARIDARA_ATTACK,to_label_884,test,0.15959821428571427,0.0,0.46584024234693877,0.46591418981552124,0.9938315153121948,0.0,0.0,0.0,0.0,0.0,0.8404017857126108,0.9999999999976286,0,0,8008,42168,0.3316642620710699,0.4981199413660757,0.33438863694560456,0.9760239760117879,0.4981199033520411,0.6861049107129183,0.6310472396114801,7816,15558,192,26610
to_label_885.jpg,ALLOCARIDARA_ATTACK,to_label_885,train,0.030472735969387755,0.37496014030612246,0.20549665178571427,0.25490403175354004,0.9832174777984619,0.08126926756627367,0.1503219780752577,0.08126926756627367,0.9999999999345978,0.15032196417215707,0.6555125956619589,0.6446851809964752,1529,17285,0,31362,0.14828823586317244,0.2582770270248456,0.14828823586317244,0.9999999999345978,0.2582770045303146,0.8249760841820293,0.8194749933175335,1529,8782,0,39865
to_label_892.jpg,ALLOCARIDARA_ATTACK,to_label_892,train,0.061045121173469385,0.19142617984693877,0.20069355867346939,0.22495470941066742,0.9960288405418396,0.26087389270169326,0.413798547518047,0.27287870900288513,0.855697029028544,0.41379851084922964,0.852000956630955,0.8517606605377459,2621,6984,442,40129,0.25602524865860726,0.4076753217055686,0.2658391261145398,0.8739797583782574,0.40767528593579194,0.8449657206615813,0.843079404833394,2677,7393,386,39720
to_label_2757.jpg,LEAF_BLIGHT,to_label_2757,train,0.024693080357142856,0.1953722895408163,0.2194874043367347,0.2526952922344208,0.9760831594467163,0.009231331688061133,0.01829378735719712,0.010302968478931928,0.0815173526972141,0.018293767433590534,0.783960459182111,0.8017451008423039,101,9702,1138,39235,0.06557662202065075,0.12308194580376197,0.06846454190439967,0.6085552864722715,0.12308192762279835,0.7858737244882297,0.7903631199280905,754,10259,485,38678
to_label_2773.jpg,LEAF_BLIGHT,to_label_2773,train,0.032704878826530615,0.09791533801020408,0.23869977678571427,0.24459707736968994,0.9659558534622192,0.23474001506716768,0.3802258162895907,0.2536128638254913,0.7592931139086354,0.3802257787456774,0.9190449617328622,0.9244462758814784,1246,3667,395,44868,0.09681056700952954,0.17653106182863465,0.10035902145695617,0.7324801949584107,0.17653104063104538,0.7765066964270239,0.7779952611501432,1202,10775,439,37760
to_label_2776.jpg,LEAF_BLIGHT,to_label_2776,train,0.03411989795918367,0.3546117665816326,0.20286591198979592,0.20753562450408936,0.9892234802246094,0.09167739407795557,0.16795693411859544,0.09205867475921958,0.956775700878693,0.1679569181040603,0.6765585140292638,0.6666597887077693,1638,16155,74,32309,0.13279984757423263,0.23446303927142825,0.13694861970589498,0.8142523364010367,0.23446301462029975,0.8185786033146951,0.8187314295130019,1394,8785,318,39679
to_label_2777.jpg,LEAF_BLIGHT,to_label_2777,train,0.08994339923469388,0.28495695153061223,0.3505261479591837,0.3532092869281769,0.989263653755188,0.16124452126574945,0.27770985061784215,0.18268289271098975,0.5787724351744123,0.2777098141454392,0.7292131696414038,0.7440816415900311,2612,11686,1901,33977,0.06964475849351638,0.13022035201968138,0.08181714805502718,0.3188566363767149,0.13022031951875782,0.6168885522946889,0.6463438670244042,1439,16149,3074,29514
to_label_2778.jpg,LEAF_BLIGHT,to_label_2778,train,0.07535475127551021,0.39652423469387754,0.3327686543367347,0.3224186301231384,0.9722495079040527,0.14282266627983964,0.24994720614837204,0.1487233614789469,0.782597196488162,0.2499471793093843,0.6460658482129981,0.6349391098164997,2959,16937,822,29458,0.16610671373972946,0.2848911026453516,0.17470204228199854,0.7714890240473026,0.2848910725347063,0.7081473214271601,0.7029852354764458,2917,13780,864,32615
to_label_2779.jpg,LEAF_BLIGHT,to_label_2779,train,0.07553411989795919,0.1985809948979592,0.2409717793367347,0.24391159415245056,0.9871608018875122,0.14923128342121297,0.2597062672658157,0.179245283017069,0.47124010552846335,0.25970622733893733,0.7970742984677992,0.8236968050687197,1786,8178,2004,38208,0.15021365973672618,0.2611926201104389,0.171532544866665,0.5472295514367486,0.2611925837695681,0.7661631058658199,0.7840512223498813,2074,10017,1716,36369
to_label_2780.jpg,LEAF_BLIGHT,to_label_2780,train,0.07880261479591837,0.3195950255102041,0.3352000956632653,0.34056252241134644,0.9920246601104736,0.03435785987770693,0.06643321660797182,0.04140683462184206,0.16793120889813024,0.06643318487275568,0.6280691964273197,0.6674310934172744,664,15372,3290,30850,0.16538569424872154,0.28382997159638074,0.17527795944957916,0.7455741021561565,0.2838299407724803,0.7035036670904347,0.699904807233136,2948,13871,1006,32351
to_label_2781.jpg,LEAF_BLIGHT,to_label_2781,train,0.03926179846938776,0.2236926020408163,0.16466039540816327,0.17458148300647736,0.9908919930458069,0.12672929120301682,0.22495073518095382,0.13221667854479494,0.7532994923475482,0.22495070977590595,0.7961973852024948,0.7979504625963615,1484,9740,486,38466,0.16630571070139852,0.2851837372919743,0.1765916243019052,0.7406091370182432,0.28518370619635364,0.8542330994880935,0.8588764884021515,1459,6803,511,41403
to_label_2784.jpg,LEAF_BLIGHT,to_label_2784,train,0.0546875,0.2653659119897959,0.2627750318877551,0.27199915051460266,0.9889662861824036,0.09647685374780501,0.1759760881737594,0.1061209162590603,0.5149416909433331,0.17597605983799047,0.7362683354577163,0.7490723562136341,1413,11902,1331,35530,0.08559940025839569,0.15769979282969615,0.09525976488361577,0.4577259475051849,0.15769976431083293,0.7326012436209889,0.7485031202547889,1256,11929,1488,35503
to_label_2804.jpg,LEAF_BLIGHT,to_label_2804,test,0.06116470025510204,0.0,0.53125,0.5016207695007324,0.9850919842720032,0.0,0.0,0.0,0.0,0.0,0.9388352997430268,0.9999999999978771,0,0,3069,47107,0.0565507926350446,0.10704793944455156,0.059686374549596015,0.5184099054897879,0.1070479209268744,0.4710020727031429,0.46791347358042773,1591,25065,1478,22042
to_label_2810.jpg,LEAF_BLIGHT,to_label_2810,train,0.11997767857142858,0.25175382653061223,0.5078125,0.4954761862754822,0.9614043831825256,0.060978384527525714,0.11494745871694752,0.0848638378713991,0.17807308969803864,0.11494741499960569,0.6709980867333566,0.738200923995067,1072,11560,4948,32596,0.17951022242125547,0.3043809523799861,0.18814756671825686,0.7963455149369378,0.3043809214614921,0.5632971938764284,0.531524594617874,4794,20686,1226,23470
to_label_2827.jpg,LEAF_BLIGHT,to_label_2827,test,0.12436224489795919,0.0,0.42932876275510207,0.3849562108516693,0.8919283151626587,0.0,0.0,0.0,0.0,0.0,0.8756377551002956,0.9999999999977239,0,0,6240,43936,0.16379021447652567,0.2814772154622364,0.181505895459189,0.6266025640925225,0.2814771806296141,0.6021603954069632,0.5986890021836337,3910,17632,2330,26304
to_label_2899.jpg,LEAF_BLIGHT,to_label_2899,test,0.03248565051020408,0.0,0.27517139668367346,0.3447991907596588,0.9670925736427307,0.0,0.0,0.0,0.0,0.0,0.9675143494878676,0.9999999999979401,0,0,1630,48546,0.032989828693569395,0.0638725140891114,0.03570652567512344,0.3024539877115059,0.06387249520047956,0.7119937818863361,0.7257446545529482,493,13314,1137,35232
to_label_2904.jpg,LEAF_BLIGHT,to_label_2904,test,0.016721141581632654,0.0,0.29934630102040816,0.30365851521492004,0.9950174689292908,0.0,0.0,0.0,0.0,0.0,0.9832788584164077,0.9999999999979731,0,0,839,49337,0.035385519357345525,0.06835235512914842,0.03608521970681701,0.6460071512936821,0.06835234510773669,0.7055365114781857,0.7065488375849636,542,14478,297,34859
to_label_2980.jpg,LEAF_BLIGHT,to_label_2980,test,0.08938536352040816,0.0,0.23899872448979592,0.2611455023288727,0.9760051369667053,0.0,0.0,0.0,0.0,0.0,0.910614636477777,0.9999999999978114,0,0,4485,45691,0.33590076211824305,0.5028828063330528,0.3454803202105947,0.923745819377397,0.5028827667087898,0.8367546237228222,0.828215622330813,4143,7849,342,37842
to_label_3020.jpg,LEAF_BLIGHT,to_label_3020,test,0.02010921556122449,0.0,0.5028698979591837,0.45218417048454285,0.9284698963165283,0.0,0.0,0.0,0.0,0.0,0.9798907844368225,0.9999999999979661,0,0,1009,49167,0.013048681619839212,0.0257612133682948,0.013395688015165679,0.3349851337626378,0.025761205973643207,0.4904934630092265,0.49368478857670045,338,24894,671,24273
to_label_3097.jpg,LEAF_BLIGHT,to_label_3097,test,0.018215880102040817,0.0,0.46615911989795916,0.45170798897743225,0.8965787887573242,0.0,0.0,0.0,0.0,0.0,0.9817841198960024,0.9999999999979701,0,0,914,49262,0.010099330867336772,0.019996708360681383,0.010389055151729845,0.26586433257485076,0.019996701122063032,0.525310905611198,0.5301246396806257,243,23147,671,26115
to_label_3098.jpg,LEAF_BLIGHT,to_label_3098,test,0.0431281887755102,0.0,0.2295519770408163,0.2431521862745285,0.9983327984809875,0.0,0.0,0.0,0.0,0.0,0.9568718112225828,0.9999999999979172,0,0,2164,48012,0.15939327175528012,0.2749598011966455,0.16330960236010322,0.8692236598489269,0.2749597745650071,0.802295918365748,0.7992793468282944,1881,9637,283,38375
to_label_3214.jpg,LEAF_BLIGHT,to_label_3214,test,0.014449139030612245,0.0,0.38113839285714285,0.3804812431335449,0.9699714779853821,0.0,0.0,0.0,0.0,0.0,0.9855508609674235,0.9999999999979777,0,0,725,49451,0.001665320952757038,0.003325104539254748,0.0017255804224967288,0.045517241373032105,0.003325097500925349,0.6057278380089969,0.6139410729800935,33,19091,692,30360
to_label_3578.jpg,LEAF_BLIGHT,to_label_3578,test,0.04878826530612245,0.0,0.45960220025510207,0.42268189787864685,0.9459385275840759,0.0,0.0,0.0,0.0,0.0,0.9512117346919818,0.9999999999979048,0,0,2448,47728,0.07131157868182221,0.1331294837111093,0.07363080525530709,0.6936274509520577,0.13312946635926334,0.5592912946417424,0.5524011062676994,1698,21363,750,26365
to_label_3690.jpg,PHOMOPSIS_LEAF_SPOT,to_label_3690,test,0.009028220663265306,0.0,0.30361128826530615,0.3154890835285187,0.9892948865890503,0.0,0.0,0.0,0.0,0.0,0.9909717793347597,0.9999999999979888,0,0,453,49723,0.029736116581136035,0.05775482883879802,0.029736116581136035,0.9999999997792494,0.05775482322972852,0.7054169323965533,0.7027331416030755,453,14781,0,34942
to_label_3714.jpg,PHOMOPSIS_LEAF_SPOT,to_label_3714,train,0.037029655612244895,0.30301339285714285,0.30546476403061223,0.31626957654953003,0.9927551746368408,0.12220468297735987,0.21779392802591843,0.12220468297735987,0.9999999999461786,0.2177939086169606,0.7340162627536392,0.7237882362665595,1858,13346,0,34972,0.12122398381861274,0.2162350887389221,0.12122398381861274,0.9999999999461786,0.21623506945203735,0.7315648915801747,0.7212426010995462,1858,13469,0,34849
to_label_3715.jpg,PHOMOPSIS_LEAF_SPOT,to_label_3715,train,0.003168845663265306,0.3387874681122449,0.3889110331632653,0.3957676291465759,0.9700833559036255,0.0072795585299560905,0.014453899055749772,0.0072945467380005026,0.779874213345991,0.014453897219477674,0.6629862882639848,0.6626147109969358,124,16875,35,33142,0.00685807871433104,0.013622731662615652,0.006866864814969422,0.842767295067442,0.013622730059182193,0.613261320151839,0.6125317392074444,134,19380,25,30637
to_label_3726.jpg,PHOMOPSIS_LEAF_SPOT,to_label_3726,train,0.06742267219387756,0.3701171875,0.38143734056122447,0.3940395414829254,0.9735448360443115,0.18216574228537954,0.30818985150629413,0.18216574228537954,0.9999999999704405,0.3081898254349566,0.6973054846924879,0.6754215374079982,3383,15188,0,31605,0.1767594963154984,0.30041736968164273,0.1767594963154984,0.9999999999704405,0.3004173441511039,0.6859853316312859,0.6632829696735338,3383,15756,0,31037
to_label_3730.jpg,PHOMOPSIS_LEAF_SPOT,to_label_3730,train,0.004803093112244898,0.3131576849489796,0.36389907525510207,0.4221351742744446,0.9776299595832825,0.004090880483327517,0.00814842672678859,0.004136702093781348,0.26970954345655207,0.008148423751190511,0.6846301020394518,0.6866326224077568,65,15648,176,34287,0.013198970370703767,0.02605405405391322,0.013198970370703767,0.9999999995850622,0.02605405148230792,0.6409040178558655,0.6391709221975785,241,18018,0,31917
to_label_3731.jpg,PHOMOPSIS_LEAF_SPOT,to_label_3731,train,0.009347098214285714,0.55859375,0.32455755739795916,0.36004889011383057,0.9864883422851562,0.01355100298757451,0.026739656805885744,0.013593549307786522,0.8123667375666596,0.026739653568390063,0.4472456951521699,0.44380067193666123,381,27647,88,22060,0.02146079746359309,0.04201981616305348,0.021614983113161713,0.7505330488804833,0.04201981072086551,0.6801259566312976,0.679461645239746,352,15933,117,33774
to_label_3733.jpg,PHOMOPSIS_LEAF_SPOT,to_label_3733,test,0.0205875318877551,0.0,0.6251793686224489,0.6149409413337708,0.9852597117424011,0.0,0.0,0.0,0.0,0.0,0.9794124681102929,0.9999999999979651,0,0,1033,49143,0.03184510540719749,0.061724584901976035,0.031878606267232365,0.9680542109421051,0.06172457872891295,0.3940927933665615,0.3820279592202714,1000,30369,33,18774
to_label_3788.jpg,PHOMOPSIS_LEAF_SPOT,to_label_3788,test,0.004205197704081632,0.0,0.5783840880102041,0.5216572284698486,0.960486650466919,0.0,0.0,0.0,0.0,0.0,0.9957948022939338,0.9999999999979986,0,0,211,49965,0.007270597153760137,0.014436234263771086,0.007270597153760137,0.9999999995260663,0.014436232830518656,0.4258211096930289,0.42339637746337755,211,28810,0,21155
to_label_3798.jpg,PHOMOPSIS_LEAF_SPOT,to_label_3798,train,0.01686065051020408,0.3123405612244898,0.3720703125,0.43398743867874146,0.9863519668579102,0.04392340264144648,0.08415062356166514,0.04434660541064097,0.8215130022669607,0.08415061384241919,0.6985012755088119,0.6963916480829183,695,14977,151,34353,0.03692879914964437,0.07122726108085459,0.03722748942076583,0.8215130022669607,0.07122725278610341,0.6387715242334208,0.6356375430759464,695,17974,151,31356
to_label_3847.jpg,PHOMOPSIS_LEAF_SPOT,to_label_3847,train,0.007035235969387755,0.2770846619897959,0.48294005102040816,0.4838084876537323,0.991483211517334,0.018358454175167092,0.03605499438807481,0.018485219017345282,0.7280453255727917,0.036054989558148176,0.7261240433658998,0.7261104309240188,257,13646,96,36177,0.012103248116536564,0.023917022574643412,0.012132717068289316,0.8328611895657616,0.02391701974410918,0.5217434630091643,0.5195391686560031,294,23938,59,25885
to_label_3887.jpg,PHOMOPSIS_LEAF_SPOT,to_label_3887,train,0.0034877232142857145,0.4907126913265306,0.3726283482142857,0.37152302265167236,0.9668496251106262,0.007107464868787639,0.014114610638326754,0.007107464868787639,0.9999999994285714,0.01411460923677002,0.5127750318867331,0.5110697786034057,175,24447,0,25554,0.009359790340646308,0.018545994065183626,0.009359790340646308,0.9999999994285714,0.018545992227683824,0.6308593749987427,0.6295674086505678,175,18522,0,31479
to_label_3895.jpg,PHOMOPSIS_LEAF_SPOT,to_label_3895,train,0.01056281887755102,0.427555006377551,0.4789540816326531,0.5034210681915283,0.9836065769195557,0.01825003473982931,0.03584588090781128,0.01836572973468342,0.7433962262748309,0.035845876201994975,0.5775868941315019,0.5758167828212226,394,21059,136,28587,0.016512850225483124,0.032489210976172585,0.01660286284946487,0.7528301885372018,0.03248920675355381,0.5263871173458897,0.5239697055139911,399,23633,131,26013
to_label_3906.jpg,PHOMOPSIS_LEAF_SPOT,to_label_3906,train,0.04223134566326531,0.4446548150510204,0.33579799107142855,0.36170893907546997,0.9872111678123474,0.08717903075035743,0.1603765861638953,0.08780422213218679,0.9244926851852528,0.16037657032039968,0.5911989795906585,0.5765029028017219,1959,20352,160,27705,0.11905604719693771,0.2127794179659807,0.11976971927046251,0.9523360075057888,0.21277939811799187,0.7024075255088041,0.6913873109001989,2018,14831,101,33226
to_label_3954.jpg,PHOMOPSIS_LEAF_SPOT,to_label_3954,test,0.08059630102040816,0.0,0.20912388392857142,0.21847224235534668,0.9857082962989807,0.0,0.0,0.0,0.0,0.0,0.9194036989777594,0.9999999999978323,0,0,4044,46132,0.3519017948446768,0.5206026002578207,0.3606213666219325,0.9357072205505513,0.5206025600944709,0.8611088966819572,0.8545694962263622,3784,6709,260,39423
to_label_4067.jpg,PHOMOPSIS_LEAF_SPOT,to_label_4067,test,0.01797672193877551,0.0,0.3395846619897959,0.33860883116722107,0.9897176027297974,0.0,0.0,0.0,0.0,0.0,0.9820232780592674,0.9999999999979705,0,0,902,49274,0.05293737895385329,0.10055180870575468,0.05293737895385329,0.9999999998891352,0.10055179915554756,0.6783920599476275,0.672504769248138,902,16137,0,33137
to_label_4087.jpg,PHOMOPSIS_LEAF_SPOT,to_label_4087,test,0.004444355867346939,0.0,0.3331273915816326,0.3472418189048767,0.9832745790481567,0.0,0.0,0.0,0.0,0.0,0.9955556441306689,0.9999999999979982,0,0,223,49953,0.013341310200338968,0.026331326012360778,0.013341310200338968,0.9999999995515695,0.02633132341373991,0.6713169642843764,0.6698496586778174,223,16492,0,33461
to_label_4117.jpg,PHOMOPSIS_LEAF_SPOT,to_label_4117,test,0.009745695153061224,0.0,0.39473054846938777,0.39946046471595764,0.993869960308075,0.0,0.0,0.0,0.0,0.0,0.9902543048449652,0.9999999999979874,0,0,489,49687,0.018314099347625117,0.03596945060341971,0.018428758961837682,0.7464212677410181,0.03596944590043217,0.6100725446416413,0.6087306538921474,365,19441,124,30246
to_label_4199.jpg,PHOMOPSIS_LEAF_SPOT,to_label_4199,test,0.022799744897959183,0.0,0.2409717793367347,0.31272464990615845,0.9734876751899719,0.0,0.0,0.0,0.0,0.0,0.9772002551000932,0.9999999999979605,0,0,1144,49032,0.08983860342482017,0.16486588590733006,0.0902324042668908,0.9536713285879658,0.16486587011287807,0.7797154017841603,0.7756567139811232,1091,11000,53,38032
to_label_4319.jpg,PHOMOPSIS_LEAF_SPOT,to_label_4319,test,0.009964923469387755,0.0,0.3331672512755102,0.36046430468559265,0.9949135780334473,0.0,0.0,0.0,0.0,0.0,0.9900350765286391,0.9999999999979869,0,0,500,49676,0.026226381355270747,0.05111227275337682,0.026320512053440683,0.879999999824,0.05111226711354444,0.6744060905598804,0.6723367420873816,440,16277,60,33399
to_label_4408.jpg,PHOMOPSIS_LEAF_SPOT,to_label_4408,test,0.010443239795918368,0.0,0.18574617346938777,0.20132134854793549,0.993202805519104,0.0,0.0,0.0,0.0,0.0,0.9895567602021095,0.9999999999979859,0,0,524,49652,0.053735816741021875,0.10199106054345802,0.05386266094362808,0.9580152669927452,0.10199105046303908,0.8238201530595827,0.8224039313606252,502,8818,22,40834
