filename,class_name,stem,raw_split,threshold,gt_area,pseudo_area,pred_area,prob_mean,prob_p95,pred_iou,pred_dice,pred_precision,pred_recall,pred_f1,pred_specificity,pred_pixel_accuracy,pred_tp,pred_fp,pred_fn,pred_tn,pseudo_iou,pseudo_dice,pseudo_precision,pseudo_recall,pseudo_f1,pseudo_specificity,pseudo_pixel_accuracy,pseudo_tp,pseudo_fp,pseudo_fn,pseudo_tn,img_path,gt_path,pseudo_path
to_label_134.jpg,ALGAL_LEAF_SPOT,to_label_134,test,0.5,0.004763233418367347,0.0,0.07284359056122448,0.07417254149913788,0.9261524081230164,0.040898155572282865,0.07858243451261987,0.04186046511513378,0.6401673637488839,0.07858242298872258,0.9298716382623508,0.928491709181823,153,3502,86,46435,0.0,0.0,0.0,0.0,0.0,0.9999999999979975,0.9952367665796491,0,0,239,49937,E:\Master\thesis-clean\notebooks\data\raw\test\ALGAL_LEAF_SPOT\to_label_134.jpg,E:\Master\thesis-clean\notebooks\data\raw\GT_OK\SegmentationClass\ALGAL_LEAF_SPOT\to_label_134.png,
to_label_177.jpg,ALGAL_LEAF_SPOT,to_label_177,test,0.5,0.020627391581632654,0.0,0.05697943239795918,0.05793754756450653,0.6617950201034546,0.08831749580524546,0.16230097585612993,0.11052815669428023,0.3053140096323368,0.16230093682250557,0.9482509513421619,0.9349888392838509,316,2543,719,46598,0.0,0.0,0.0,0.0,0.0,0.9999999999979651,0.9793726084164155,0,0,1035,49141,E:\Master\thesis-clean\notebooks\data\raw\test\ALGAL_LEAF_SPOT\to_label_177.jpg,E:\Master\thesis-clean\notebooks\data\raw\GT_OK\SegmentationClass\ALGAL_LEAF_SPOT\to_label_177.png,
to_label_19.jpg,ALGAL_LEAF_SPOT,to_label_19,train,0.5,0.018415178571428572,0.03573421556122449,0.10271843112244898,0.1030319556593895,0.9594992995262146,0.1211953514089431,0.21618953602803243,0.12747380674956396,0.7110389609620088,0.21618951024198077,0.9086940631834064,0.9050542091818697,657,4497,267,44755,0.05187766163175077,0.0986382038977314,0.07473508086588203,0.14502164500595005,0.0986381590089405,0.9663160886847918,0.9511918048450431,134,1659,790,47593,E:\Master\thesis-clean\notebooks\data\raw\train\ALGAL_LEAF_SPOT\to_label_19.jpg,E:\Master\thesis-clean\notebooks\data\raw\GT_OK\SegmentationClass\ALGAL_LEAF_SPOT\to_label_19.png,E:\Master\thesis-clean\notebooks\data\pseudo_labels_v2_train\ALGAL_LEAF_SPOT_to_label_19.jpg_pseudo.png
to_label_197.jpg,ALGAL_LEAF_SPOT,to_label_197,test,0.5,0.009546396683673469,0.0,0.1346061862244898,0.13329684734344482,0.9301761388778687,0.037137940922897364,0.07161620351069244,0.03834764583893474,0.5407098119956765,0.0716161911419847,0.869308006517759,0.8661710778043962,259,6495,220,43202,0.0,0.0,0.0,0.0,0.0,0.9999999999979878,0.9904536033143525,0,0,479,49697,E:\Master\thesis-clean\notebooks\data\raw\test\ALGAL_LEAF_SPOT\to_label_197.jpg,E:\Master\thesis-clean\notebooks\data\raw\GT_OK\SegmentationClass\ALGAL_LEAF_SPOT\to_label_197.png,
to_label_199.jpg,ALGAL_LEAF_SPOT,to_label_199,test,0.5,0.01189811862244898,0.0,0.09227519132653061,0.09420952200889587,0.8589473366737366,0.03382120253097664,0.06542950066834839,0.036933045355573804,0.28643216075604155,0.06542948043316943,0.910062728169366,0.9026426977022827,171,4459,426,45120,0.0,0.0,0.0,0.0,0.0,0.999999999997983,0.9881018813755817,0,0,597,49579,E:\Master\thesis-clean\notebooks\data\raw\test\ALGAL_LEAF_SPOT\to_label_199.jpg,E:\Master\thesis-clean\notebooks\data\raw\GT_OK\SegmentationClass\ALGAL_LEAF_SPOT\to_label_199.png,
to_label_20.jpg,ALGAL_LEAF_SPOT,to_label_20,train,0.5,0.06435347576530612,0.08605707908163265,0.1369579081632653,0.13675658404827118,0.988502025604248,0.21042540443127108,0.34768834768490553,0.25552968567730605,0.5438216165827247,0.34768830418515556,0.891026050650966,0.8686822385186769,1756,5116,1473,41831,0.15804818167626133,0.2729561415095673,0.2385363594201358,0.31898420562654123,0.27295609254702247,0.9299635759453639,0.8906449298451637,1030,3288,2199,43659,E:\Master\thesis-clean\notebooks\data\raw\train\ALGAL_LEAF_SPOT\to_label_20.jpg,E:\Master\thesis-clean\notebooks\data\raw\GT_OK\SegmentationClass\ALGAL_LEAF_SPOT\to_label_20.png,E:\Master\thesis-clean\notebooks\data\pseudo_labels_v2_train\ALGAL_LEAF_SPOT_to_label_20.jpg_pseudo.png
to_label_21.jpg,ALGAL_LEAF_SPOT,to_label_21,train,0.5,0.028360172193877552,0.10780054209183673,0.0927734375,0.09414122998714447,0.9329506158828735,0.10670065549696467,0.19282658769014765,0.1258861439285524,0.4118060435409834,0.19282655182509056,0.9165384694256424,0.9022241709165693,586,4069,837,44684,0.10693454309612874,0.19320843091052095,0.1220188574575334,0.4638088545000837,0.19320839792728015,0.9025906098067757,0.8901466836716954,660,4749,763,44004,E:\Master\thesis-clean\notebooks\data\raw\train\ALGAL_LEAF_SPOT\to_label_21.jpg,E:\Master\thesis-clean\notebooks\data\raw\GT_OK\SegmentationClass\ALGAL_LEAF_SPOT\to_label_21.png,E:\Master\thesis-clean\notebooks\data\pseudo_labels_v2_train\ALGAL_LEAF_SPOT_to_label_21.jpg_pseudo.png
to_label_221.jpg,ALGAL_LEAF_SPOT,to_label_221,test,0.5,0.012137276785714286,0.0,0.08117426658163265,0.08191807568073273,0.9320378303527832,0.03952042628686678,0.07603588210004195,0.04370243063973232,0.2922824301654709,0.07603585946767819,0.9214194928058559,0.913783482141036,178,3895,431,45672,0.0,0.0,0.0,0.0,0.0,0.9999999999979825,0.9878627232123169,0,0,609,49567,E:\Master\thesis-clean\notebooks\data\raw\test\ALGAL_LEAF_SPOT\to_label_221.jpg,E:\Master\thesis-clean\notebooks\data\raw\GT_OK\SegmentationClass\ALGAL_LEAF_SPOT\to_label_221.png,
to_label_24.jpg,ALGAL_LEAF_SPOT,to_label_24,train,0.5,0.018494897959183673,0.05349170918367347,0.08685427295918367,0.08501352369785309,0.9054189324378967,0.09214876032867461,0.1687476352597664,0.10234052317342036,0.4806034482240729,0.1687476063090912,0.9205653021423803,0.9124282525492019,446,3912,482,45336,0.0564492541662343,0.10686600221188079,0.07190760059344607,0.20797413790862349,0.10686596402637956,0.9494192657550572,0.9357063137736453,193,2491,735,46757,E:\Master\thesis-clean\notebooks\data\raw\train\ALGAL_LEAF_SPOT\to_label_24.jpg,E:\Master\thesis-clean\notebooks\data\raw\GT_OK\SegmentationClass\ALGAL_LEAF_SPOT\to_label_24.png,E:\Master\thesis-clean\notebooks\data\pseudo_labels_v2_train\ALGAL_LEAF_SPOT_to_label_24.jpg_pseudo.png
to_label_26.jpg,ALGAL_LEAF_SPOT,to_label_26,train,0.5,0.013073979591836735,0.10680404974489796,0.12723214285714285,0.12665949761867523,0.9898836016654968,0.08391070053758413,0.15482954545234617,0.08536967418412642,0.830792682800184,0.15482952855035537,0.8820880452324675,0.8814174107125291,545,5839,111,43681,0.08888486603749303,0.1632585203630381,0.09162157118694493,0.7484756096420007,0.1632585009270364,0.901696284327743,0.8996930803553498,491,4868,165,44652,E:\Master\thesis-clean\notebooks\data\raw\train\ALGAL_LEAF_SPOT\to_label_26.jpg,E:\Master\thesis-clean\notebooks\data\raw\GT_OK\SegmentationClass\ALGAL_LEAF_SPOT\to_label_26.png,E:\Master\thesis-clean\notebooks\data\pseudo_labels_v2_train\ALGAL_LEAF_SPOT_to_label_26.jpg_pseudo.png
to_label_32.jpg,ALGAL_LEAF_SPOT,to_label_32,train,0.5,0.030233577806122448,0.08482142857142858,0.1357421875,0.13334672152996063,0.9531616568565369,0.08197999220369001,0.1515369836677289,0.09264425194402226,0.41595253787633796,0.15153695387080304,0.8729936907851107,0.8591757015288999,631,6180,886,42479,0.021408351025806648,0.041919279403396514,0.02843045112715154,0.07976268951352915,0.04191924065784755,0.9150208594485809,0.8897680165798594,121,4135,1396,44524,E:\Master\thesis-clean\notebooks\data\raw\train\ALGAL_LEAF_SPOT\to_label_32.jpg,E:\Master\thesis-clean\notebooks\data\raw\GT_OK\SegmentationClass\ALGAL_LEAF_SPOT\to_label_32.png,E:\Master\thesis-clean\notebooks\data\pseudo_labels_v2_train\ALGAL_LEAF_SPOT_to_label_32.jpg_pseudo.png
to_label_33.jpg,ALGAL_LEAF_SPOT,to_label_33,train,0.5,0.03866390306122449,0.10170200892857142,0.12147241709183673,0.12295617908239365,0.9677817225456238,0.11861339273119012,0.21207218419151125,0.13978671041608226,0.43917525770932087,0.21207214755915196,0.8913052491896274,0.8738241390288707,852,5243,1088,42993,0.08537525042247843,0.15731932414940622,0.10856359004294408,0.2855670102945584,0.15731928423165112,0.9056928435174855,0.8817163584166101,554,4549,1386,43687,E:\Master\thesis-clean\notebooks\data\raw\train\ALGAL_LEAF_SPOT\to_label_33.jpg,E:\Master\thesis-clean\notebooks\data\raw\GT_OK\SegmentationClass\ALGAL_LEAF_SPOT\to_label_33.png,E:\Master\thesis-clean\notebooks\data\pseudo_labels_v2_train\ALGAL_LEAF_SPOT_to_label_33.jpg_pseudo.png
to_label_339.jpg,ALGAL_LEAF_SPOT,to_label_339,test,0.5,0.02325813137755102,0.0,0.10483099489795919,0.10302724689245224,0.8793989419937134,0.09395744680691137,0.17177532285402558,0.10494296577747257,0.47300771204173025,0.17177529312990786,0.903936011751099,0.8939134247431164,552,4708,615,44301,0.0,0.0,0.0,0.0,0.0,0.9999999999979595,0.9767418686205024,0,0,1167,49009,E:\Master\thesis-clean\notebooks\data\raw\test\ALGAL_LEAF_SPOT\to_label_339.jpg,E:\Master\thesis-clean\notebooks\data\raw\GT_OK\SegmentationClass\ALGAL_LEAF_SPOT\to_label_339.png,
to_label_36.jpg,ALGAL_LEAF_SPOT,to_label_36,train,0.5,0.020926339285714284,0.09933035714285714,0.10044642857142858,0.10118461400270462,0.9577144384384155,0.09296482411893459,0.17011494252594228,0.10277777777573854,0.49333333328634915,0.17011491398569833,0.9079509831842447,0.8992745535696364,518,4522,532,44604,0.0628853267559823,0.11832946635534754,0.07162921348170889,0.33999999996761904,0.11832943760677822,0.9058136221127187,0.8939732142839326,357,4627,693,44499,E:\Master\thesis-clean\notebooks\data\raw\train\ALGAL_LEAF_SPOT\to_label_36.jpg,E:\Master\thesis-clean\notebooks\data\raw\GT_OK\SegmentationClass\ALGAL_LEAF_SPOT\to_label_36.png,E:\Master\thesis-clean\notebooks\data\pseudo_labels_v2_train\ALGAL_LEAF_SPOT_to_label_36.jpg_pseudo.png
to_label_361.jpg,ALGAL_LEAF_SPOT,to_label_361,test,0.5,0.010463169642857142,0.0,0.07728794642857142,0.07767393440008163,0.9227837920188904,0.038443396225508415,0.07404042697992186,0.04203197524388778,0.31047619041705216,0.07404040597435634,0.9251777406277312,0.9187460140287812,163,3715,362,45936,0.0,0.0,0.0,0.0,0.0,0.9999999999979859,0.9895368303551707,0,0,525,49651,E:\Master\thesis-clean\notebooks\data\raw\test\ALGAL_LEAF_SPOT\to_label_361.jpg,E:\Master\thesis-clean\notebooks\data\raw\GT_OK\SegmentationClass\ALGAL_LEAF_SPOT\to_label_361.png,
to_label_39.jpg,ALGAL_LEAF_SPOT,to_label_39,train,0.5,0.07698899872448979,0.10794005102040816,0.10955436862244898,0.10908400267362595,0.9804810285568237,0.14509420112374488,0.2534188034160959,0.21575404765843637,0.30701527309585774,0.2534187549371783,0.9069159847107574,0.8607302295901214,1186,4311,2677,42002,0.14725519287651762,0.256708697055106,0.21990398817910076,0.30830960392678464,0.2567086484529373,0.9087729147304023,0.8625438456615463,1191,4225,2672,42088,E:\Master\thesis-clean\notebooks\data\raw\train\ALGAL_LEAF_SPOT\to_label_39.jpg,E:\Master\thesis-clean\notebooks\data\raw\GT_OK\SegmentationClass\ALGAL_LEAF_SPOT\to_label_39.png,E:\Master\thesis-clean\notebooks\data\pseudo_labels_v2_train\ALGAL_LEAF_SPOT_to_label_39.jpg_pseudo.png
to_label_394.jpg,ALGAL_LEAF_SPOT,to_label_394,test,0.5,0.017518335459183673,0.0,0.05703922193877551,0.057529035955667496,0.7309426069259644,0.10386544703145868,0.18818497727377212,0.12299091543944826,0.4004550625255455,0.1881849413175741,0.949084122764166,0.9394730548450664,352,2510,527,46787,0.0,0.0,0.0,0.0,0.0,0.9999999999979715,0.9824816645388582,0,0,879,49297,E:\Master\thesis-clean\notebooks\data\raw\test\ALGAL_LEAF_SPOT\to_label_394.jpg,E:\Master\thesis-clean\notebooks\data\raw\GT_OK\SegmentationClass\ALGAL_LEAF_SPOT\to_label_394.png,
to_label_40.jpg,ALGAL_LEAF_SPOT,to_label_40,train,0.5,0.04974489795918367,0.06873804209183673,0.0745376275510204,0.07847597450017929,0.8712030649185181,0.15997023809226246,0.27581783193913056,0.22994652405802282,0.3445512820374779,0.27581778392446615,0.9395973154342709,0.9099968112226762,860,2880,1636,44800,0.12339380196289884,0.2196804036968935,0.1893302406439742,0.26161858973310825,0.2196803549780581,0.9413590604007103,0.9075454400492117,653,2796,1843,44884,E:\Master\thesis-clean\notebooks\data\raw\train\ALGAL_LEAF_SPOT\to_label_40.jpg,E:\Master\thesis-clean\notebooks\data\raw\GT_OK\SegmentationClass\ALGAL_LEAF_SPOT\to_label_40.png,E:\Master\thesis-clean\notebooks\data\pseudo_labels_v2_train\ALGAL_LEAF_SPOT_to_label_40.jpg_pseudo.png
to_label_576.jpg,ALGAL_LEAF_SPOT,to_label_576,test,0.5,0.026785714285714284,0.0,0.12033641581632654,0.11896097660064697,0.9126261472702026,0.00654485955813274,0.013004605797710586,0.007949652202584472,0.0357142857116284,0.013004576014201455,0.877334534729527,0.854791135202378,48,5990,1296,42842,0.0,0.0,0.0,0.0,0.0,0.9999999999979522,0.9732142857123461,0,0,1344,48832,E:\Master\thesis-clean\notebooks\data\raw\test\ALGAL_LEAF_SPOT\to_label_576.jpg,E:\Master\thesis-clean\notebooks\data\raw\GT_OK\SegmentationClass\ALGAL_LEAF_SPOT\to_label_576.png,
to_label_726.jpg,ALGAL_LEAF_SPOT,to_label_726,test,0.5,0.01905293367346939,0.0,0.12121332908163265,0.12373571842908859,0.946692943572998,0.05978015359042644,0.11281614094753033,0.06527458072894977,0.4152719664837582,0.11281611746930098,0.8844981714732131,0.8755580357125408,397,5685,559,43535,0.0,0.0,0.0,0.0,0.0,0.9999999999979683,0.9809470663245756,0,0,956,49220,E:\Master\thesis-clean\notebooks\data\raw\test\ALGAL_LEAF_SPOT\to_label_726.jpg,E:\Master\thesis-clean\notebooks\data\raw\GT_OK\SegmentationClass\ALGAL_LEAF_SPOT\to_label_726.png,
to_label_1046.jpg,ALLOCARIDARA_ATTACK,to_label_1046,test,0.5,0.05315290178571429,0.0,0.10959422831632654,0.10898148268461227,0.9778794646263123,0.14514093394832225,0.2534900808198201,0.18821603927644634,0.38807649042414416,0.2534900368303681,0.9060388557938368,0.8785076530594736,1035,4464,1632,43045,0.0,0.0,0.0,0.0,0.0,0.9999999999978951,0.9468470982123987,0,0,2667,47509,E:\Master\thesis-clean\notebooks\data\raw\test\ALLOCARIDARA_ATTACK\to_label_1046.jpg,E:\Master\thesis-clean\notebooks\data\raw\GT_OK\SegmentationClass\ALLOCARIDARA_ATTACK\to_label_1046.png,
to_label_1063.jpg,ALLOCARIDARA_ATTACK,to_label_1063,test,0.5,0.10040656887755102,0.0,0.0995296556122449,0.09878168255090714,0.9514830708503723,0.47291146673802803,0.6421451355597871,0.6449739687496001,0.6393410083239511,0.642145085554352,0.9607204572622607,0.9284518494879456,3221,1773,1817,43365,0.0,0.0,0.0,0.0,0.0,0.9999999999977845,0.899593431120656,0,0,5038,45138,E:\Master\thesis-clean\notebooks\data\raw\test\ALLOCARIDARA_ATTACK\to_label_1063.jpg,E:\Master\thesis-clean\notebooks\data\raw\GT_OK\SegmentationClass\ALLOCARIDARA_ATTACK\to_label_1063.png,
to_label_1064.jpg,ALLOCARIDARA_ATTACK,to_label_1064,test,0.5,0.12432238520408163,0.0,0.07784598214285714,0.07769089937210083,0.9290517568588257,0.4572618876532501,0.6275630914764633,0.8149001535889683,0.5102596986131731,0.6275630441127414,0.9835449952182995,0.9247050382634632,3183,723,3055,43215,0.0,0.0,0.0,0.0,0.0,0.999999999997724,0.8756776147941732,0,0,6238,43938,E:\Master\thesis-clean\notebooks\data\raw\test\ALLOCARIDARA_ATTACK\to_label_1064.jpg,E:\Master\thesis-clean\notebooks\data\raw\GT_OK\SegmentationClass\ALLOCARIDARA_ATTACK\to_label_1064.png,
to_label_1147.jpg,ALLOCARIDARA_ATTACK,to_label_1147,test,0.5,0.0846420599489796,0.0,0.10865752551020408,0.10382580012083054,0.7967139482498169,0.16002870469848068,0.2759047324437993,0.24541452677466224,0.3150459147559443,0.27590468321273753,0.9104269633545028,0.8600326849472656,1338,4114,2909,41815,0.0,0.0,0.0,0.0,0.0,0.9999999999978227,0.9153579400491961,0,0,4247,45929,E:\Master\thesis-clean\notebooks\data\raw\test\ALLOCARIDARA_ATTACK\to_label_1147.jpg,E:\Master\thesis-clean\notebooks\data\raw\GT_OK\SegmentationClass\ALLOCARIDARA_ATTACK\to_label_1147.png,
to_label_1297.jpg,ALLOCARIDARA_ATTACK,to_label_1297,test,0.5,0.14893574617346939,0.0,0.11328125,0.11156059056520462,0.964098334312439,0.5859450337441424,0.7389222467071602,0.855207600266446,0.6504750434811927,0.7389221976259835,0.9807273493642584,0.9315409757634495,4861,823,2612,41880,0.0,0.0,0.0,0.0,0.0,0.9999999999976582,0.8510642538248344,0,0,7473,42703,E:\Master\thesis-clean\notebooks\data\raw\test\ALLOCARIDARA_ATTACK\to_label_1297.jpg,E:\Master\thesis-clean\notebooks\data\raw\GT_OK\SegmentationClass\ALLOCARIDARA_ATTACK\to_label_1297.png,
to_label_1317.jpg,ALLOCARIDARA_ATTACK,to_label_1317,test,0.5,0.2040218431122449,0.0,0.10365513392857142,0.10156078636646271,0.9385966658592224,0.3540917463349347,0.5229952066295958,0.7761968851994578,0.3943538145902671,0.5229951619467968,0.9708555547185186,0.8532366071411567,4037,1164,6200,38775,0.0,0.0,0.0,0.0,0.0,0.9999999999974961,0.7959781568861687,0,0,10237,39939,E:\Master\thesis-clean\notebooks\data\raw\test\ALLOCARIDARA_ATTACK\to_label_1317.jpg,E:\Master\thesis-clean\notebooks\data\raw\GT_OK\SegmentationClass\ALLOCARIDARA_ATTACK\to_label_1317.png,
to_label_1334.jpg,ALLOCARIDARA_ATTACK,to_label_1334,test,0.5,0.07605229591836735,0.0,0.09086017219387756,0.09610360115766525,0.954727053642273,0.24646524780106466,0.3954626865624422,0.36323755208679015,0.43396226413957123,0.39546263695125666,0.937381363242154,0.8990951849471877,1656,2903,2160,43457,0.0,0.0,0.0,0.0,0.0,0.999999999997843,0.9239477040797912,0,0,3816,46360,E:\Master\thesis-clean\notebooks\data\raw\test\ALLOCARIDARA_ATTACK\to_label_1334.jpg,E:\Master\thesis-clean\notebooks\data\raw\GT_OK\SegmentationClass\ALLOCARIDARA_ATTACK\to_label_1334.png,
to_label_1667.jpg,ALLOCARIDARA_ATTACK,to_label_1667,test,0.5,0.16432158801020408,0.0,0.10678411989795919,0.10708695650100708,0.9819945096969604,0.4935221782993684,0.6608836286064773,0.8389324374610129,0.545178896294176,0.6608835808537561,0.9794185685984608,0.9080636160696188,4495,863,3750,41068,0.0,0.0,0.0,0.0,0.0,0.9999999999976151,0.8356784119881304,0,0,8245,41931,E:\Master\thesis-clean\notebooks\data\raw\test\ALLOCARIDARA_ATTACK\to_label_1667.jpg,E:\Master\thesis-clean\notebooks\data\raw\GT_OK\SegmentationClass\ALLOCARIDARA_ATTACK\to_label_1667.png,
to_label_765.jpg,ALLOCARIDARA_ATTACK,to_label_765,test,0.5,0.2176937181122449,0.0,0.11264349489795919,0.11245305091142654,0.9569923877716064,0.20082590740997736,0.3344796380070318,0.4904458598639341,0.2537764350429939,0.3344795930615077,0.9266298117317743,0.7801538584168125,2772,2880,8151,36373,0.0,0.0,0.0,0.0,0.0,0.9999999999974524,0.782306281886196,0,0,10923,39253,E:\Master\thesis-clean\notebooks\data\raw\test\ALLOCARIDARA_ATTACK\to_label_765.jpg,E:\Master\thesis-clean\notebooks\data\raw\GT_OK\SegmentationClass\ALLOCARIDARA_ATTACK\to_label_765.png,
to_label_855.jpg,ALLOCARIDARA_ATTACK,to_label_855,train,0.5,0.11244419642857142,0.09036192602040816,0.09388950892857142,0.09392698109149933,0.976372241973877,0.35227272726812603,0.521008403356312,0.5724899172028765,0.4780219780135055,0.5210083537556153,0.9547761261037526,0.9011678890288162,2697,2014,2945,42520,0.34141840231556264,0.5090408804981422,0.5712395235868717,0.45905707195216133,0.5090408310859271,0.9563479588607438,0.900430484692083,2590,1944,3052,42590,E:\Master\thesis-clean\notebooks\data\raw\train\ALLOCARIDARA_ATTACK\to_label_855.jpg,E:\Master\thesis-clean\notebooks\data\raw\GT_OK\SegmentationClass\ALLOCARIDARA_ATTACK\to_label_855.png,E:\Master\thesis-clean\notebooks\data\pseudo_labels_v2_train\ALLOCARIDARA_ATTACK_to_label_855.jpg_pseudo.png
to_label_864.jpg,ALLOCARIDARA_ATTACK,to_label_864,train,0.5,0.05707908163265306,0.0719467474489796,0.09743702168367346,0.09729160368442535,0.9710593819618225,0.3067588066693619,0.4694956790859087,0.3722642667135966,0.6354748603130072,0.46949563249084797,0.9351327358789839,0.9180285395389867,1820,3069,1044,44243,0.27215562978439467,0.4278653073767707,0.38365650968466325,0.48358938545797525,0.42786525803406683,0.9529717619188515,0.9261798469369297,1385,2225,1479,45087,E:\Master\thesis-clean\notebooks\data\raw\train\ALLOCARIDARA_ATTACK\to_label_864.jpg,E:\Master\thesis-clean\notebooks\data\raw\GT_OK\SegmentationClass\ALLOCARIDARA_ATTACK\to_label_864.png,E:\Master\thesis-clean\notebooks\data\pseudo_labels_v2_train\ALLOCARIDARA_ATTACK_to_label_864.jpg_pseudo.png
to_label_868.jpg,ALLOCARIDARA_ATTACK,to_label_868,train,0.5,0.18919403698979592,0.1014827806122449,0.12904575892857142,0.12624529004096985,0.9691946506500244,0.6523178807879519,0.7895791583116885,0.9735907335756975,0.6640682608167695,0.7895791100928534,0.9957967701472462,0.9330357142838548,6304,171,3189,40512,0.41905039890621665,0.590606787791631,0.8458366064248658,0.45370272832135566,0.5906067423401892,0.9807044711526173,0.8809988839268156,4307,785,5186,39898,E:\Master\thesis-clean\notebooks\data\raw\train\ALLOCARIDARA_ATTACK\to_label_868.jpg,E:\Master\thesis-clean\notebooks\data\raw\GT_OK\SegmentationClass\ALLOCARIDARA_ATTACK\to_label_868.png,E:\Master\thesis-clean\notebooks\data\pseudo_labels_v2_train\ALLOCARIDARA_ATTACK_to_label_868.jpg_pseudo.png
to_label_869.jpg,ALLOCARIDARA_ATTACK,to_label_869,train,0.5,0.14032605229591838,0.13364955357142858,0.10134327168367346,0.10065189749002457,0.9681898951530457,0.6836989724981436,0.812139205007322,0.9683382497351359,0.6993324811717181,0.8121391563016133,0.9962675321641445,0.9545998086715669,4924,161,2117,42974,0.564114233694799,0.7213210154890425,0.7393379063414951,0.7041613407086471,0.7213209655134912,0.9594760635192778,0.9236487563757102,4958,1748,2083,41387,E:\Master\thesis-clean\notebooks\data\raw\train\ALLOCARIDARA_ATTACK\to_label_869.jpg,E:\Master\thesis-clean\notebooks\data\raw\GT_OK\SegmentationClass\ALLOCARIDARA_ATTACK\to_label_869.png,E:\Master\thesis-clean\notebooks\data\pseudo_labels_v2_train\ALLOCARIDARA_ATTACK_to_label_869.jpg_pseudo.png
to_label_874.jpg,ALLOCARIDARA_ATTACK,to_label_874,train,0.5,0.16238839285714285,0.0762515943877551,0.1538982780612245,0.15093639492988586,0.9756195545196533,0.27623642943083043,0.43289224952468247,0.4448329448271843,0.4215758468284048,0.4328921995579881,0.8979965737106262,0.8206313775493849,3435,4287,4713,37741,0.07515488910770265,0.13980290629580922,0.21876633559281844,0.1027245949913755,0.1398028628088542,0.9288807461670103,0.7947225765290283,837,2989,7311,39039,E:\Master\thesis-clean\notebooks\data\raw\train\ALLOCARIDARA_ATTACK\to_label_874.jpg,E:\Master\thesis-clean\notebooks\data\raw\GT_OK\SegmentationClass\ALLOCARIDARA_ATTACK\to_label_874.png,E:\Master\thesis-clean\notebooks\data\pseudo_labels_v2_train\ALLOCARIDARA_ATTACK_to_label_874.jpg_pseudo.png
to_label_876.jpg,ALLOCARIDARA_ATTACK,to_label_876,train,0.5,0.20212850765306123,0.12478077168367346,0.10943478954081633,0.10919554531574249,0.9266903400421143,0.18764719288773343,0.3159982089150131,0.4498269896111851,0.24354170774754935,0.3159981633386581,0.9245391417272205,0.7868901466821052,2470,3021,7672,37013,0.19694979567865623,0.3290861427767537,0.43108129691054015,0.26612108065207923,0.32908609557380464,0.9110256282137408,0.7806720344372197,2699,3562,7443,36472,E:\Master\thesis-clean\notebooks\data\raw\train\ALLOCARIDARA_ATTACK\to_label_876.jpg,E:\Master\thesis-clean\notebooks\data\raw\GT_OK\SegmentationClass\ALLOCARIDARA_ATTACK\to_label_876.png,E:\Master\thesis-clean\notebooks\data\pseudo_labels_v2_train\ALLOCARIDARA_ATTACK_to_label_876.jpg_pseudo.png
to_label_877.jpg,ALLOCARIDARA_ATTACK,to_label_877,train,0.5,0.2919921875,0.07075095663265306,0.13151705994897958,0.1296742707490921,0.9628701210021973,0.4171390463460011,0.5887058823501707,0.9478708895143526,0.42693331512915883,0.5887058395263327,0.9903166783927084,0.8258131377534562,6255,344,8396,35181,0.1729715795567895,0.29492885006156294,0.7560563380068717,0.18319568630002595,0.2949288186595504,0.9756228008417294,0.7442402742332106,2684,866,11967,34659,E:\Master\thesis-clean\notebooks\data\raw\train\ALLOCARIDARA_ATTACK\to_label_877.jpg,E:\Master\thesis-clean\notebooks\data\raw\GT_OK\SegmentationClass\ALLOCARIDARA_ATTACK\to_label_877.png,E:\Master\thesis-clean\notebooks\data\pseudo_labels_v2_train\ALLOCARIDARA_ATTACK_to_label_877.jpg_pseudo.png
to_label_879.jpg,ALLOCARIDARA_ATTACK,to_label_879,train,0.5,0.10574776785714286,0.0830078125,0.11794483418367346,0.11668020486831665,0.9759186506271362,0.29055996320236216,0.4502851033459525,0.4270023656568604,0.4762532981440586,0.4502850534906006,0.9244261198998787,0.8770328443860071,2527,3391,2779,41479,0.194777343254765,0.32604793580059077,0.3707082833044248,0.2909913305636828,0.32604788652284317,0.9415868063272975,0.8727877869880565,1544,2621,3762,42249,E:\Master\thesis-clean\notebooks\data\raw\train\ALLOCARIDARA_ATTACK\to_label_879.jpg,E:\Master\thesis-clean\notebooks\data\raw\GT_OK\SegmentationClass\ALLOCARIDARA_ATTACK\to_label_879.png,E:\Master\thesis-clean\notebooks\data\pseudo_labels_v2_train\ALLOCARIDARA_ATTACK_to_label_879.jpg_pseudo.png
to_label_884.jpg,ALLOCARIDARA_ATTACK,to_label_884,test,0.5,0.15959821428571427,0.0,0.16549744897959184,0.1603752225637436,0.9463868141174316,0.44213597382687525,0.6131682197117878,0.6022398843858111,0.624500499492701,0.6131681697244971,0.9216704610109048,0.8742426658145842,5001,3303,3007,38865,0.0,0.0,0.0,0.0,0.0,0.9999999999976286,0.8404017857126108,0,0,8008,42168,E:\Master\thesis-clean\notebooks\data\raw\test\ALLOCARIDARA_ATTACK\to_label_884.jpg,E:\Master\thesis-clean\notebooks\data\raw\GT_OK\SegmentationClass\ALLOCARIDARA_ATTACK\to_label_884.png,
to_label_885.jpg,ALLOCARIDARA_ATTACK,to_label_885,train,0.5,0.030472735969387755,0.2158203125,0.12256855867346939,0.11948174983263016,0.8962938785552979,0.20853005980156547,0.34509701783637065,0.21544715446804152,0.8665794636450896,0.34509698593830024,0.9008160832098571,0.8997727997431048,1325,4825,204,43822,0.13417767988129425,0.2366078653484657,0.13500784929231685,0.9561805100748083,0.2366078436630496,0.8074495857898587,0.8119818239779736,1462,9367,67,39280,E:\Master\thesis-clean\notebooks\data\raw\train\ALLOCARIDARA_ATTACK\to_label_885.jpg,E:\Master\thesis-clean\notebooks\data\raw\GT_OK\SegmentationClass\ALLOCARIDARA_ATTACK\to_label_885.png,E:\Master\thesis-clean\notebooks\data\pseudo_labels_v2_train\ALLOCARIDARA_ATTACK_to_label_885.jpg_pseudo.png
to_label_892.jpg,ALLOCARIDARA_ATTACK,to_label_892,train,0.5,0.061045121173469385,0.07192681760204081,0.09632095025510204,0.09638146311044693,0.9682426452636719,0.3410326086898602,0.5086119554140247,0.41547692943481324,0.655566438111147,0.5086119079200656,0.9400377815020482,0.9226721938757121,2008,2825,1055,44288,0.32459797497866594,0.490107913661719,0.45303408145045626,0.5337904015496641,0.4901078639892229,0.9581007365250396,0.9321986607124279,1635,1974,1428,45139,E:\Master\thesis-clean\notebooks\data\raw\train\ALLOCARIDARA_ATTACK\to_label_892.jpg,E:\Master\thesis-clean\notebooks\data\raw\GT_OK\SegmentationClass\ALLOCARIDARA_ATTACK\to_label_892.png,E:\Master\thesis-clean\notebooks\data\pseudo_labels_v2_train\ALLOCARIDARA_ATTACK_to_label_892.jpg_pseudo.png
to_label_2757.jpg,LEAF_BLIGHT,to_label_2757,train,0.5,0.024693080357142856,0.1769172512755102,0.2356903698979592,0.23568956553936005,0.9885133504867554,0.10476915271347227,0.18966704936709017,0.10476915271347227,0.9999999999192897,0.18966703219761455,0.7836606248834549,0.7890027104576112,1239,10587,0,38350,0.07857980594862372,0.1457097667047676,0.08302354398915147,0.5948345439390771,0.1457097452077151,0.8336636900487695,0.8277662627534523,737,8140,502,40797,E:\Master\thesis-clean\notebooks\data\raw\train\LEAF_BLIGHT\to_label_2757.jpg,E:\Master\thesis-clean\notebooks\data\raw\GT_OK\SegmentationClass\LEAF_BLIGHT\to_label_2757.png,E:\Master\thesis-clean\notebooks\data\pseudo_labels_v2_train\LEAF_BLIGHT_to_label_2757.jpg_pseudo.png
to_label_2773.jpg,LEAF_BLIGHT,to_label_2773,train,0.5,0.032704878826530615,0.07320232780612244,0.15595105229591838,0.15667608380317688,0.9570685625076294,0.19641051566991394,0.3283329811923903,0.19859424919874002,0.9469835465602081,0.3283329525280177,0.8707942721729252,0.8732860331615249,1554,6271,87,42264,0.3179563491984634,0.4824990590801186,0.34903348760280334,0.7812309566860919,0.482499016382001,0.9507365818461919,0.9451929209164835,1282,2391,359,46144,E:\Master\thesis-clean\notebooks\data\raw\train\LEAF_BLIGHT\to_label_2773.jpg,E:\Master\thesis-clean\notebooks\data\raw\GT_OK\SegmentationClass\LEAF_BLIGHT\to_label_2773.png,E:\Master\thesis-clean\notebooks\data\pseudo_labels_v2_train\LEAF_BLIGHT_to_label_2773.jpg_pseudo.png
to_label_2776.jpg,LEAF_BLIGHT,to_label_2776,train,0.5,0.03411989795918367,0.12513950892857142,0.17340959821428573,0.17479519546031952,0.9773697257041931,0.18396816372729996,0.3107653894140904,0.18595563728093373,0.9450934578887211,0.31076536193525517,0.853850280618905,0.8569634885187002,1618,7083,94,41381,0.24064586243998376,0.3879364284771876,0.24685459467675022,0.9053738317228169,0.3879363948039747,0.9024224166372927,0.9025231186206503,1550,4729,162,43735,E:\Master\thesis-clean\notebooks\data\raw\train\LEAF_BLIGHT\to_label_2776.jpg,E:\Master\thesis-clean\notebooks\data\raw\GT_OK\SegmentationClass\LEAF_BLIGHT\to_label_2776.png,E:\Master\thesis-clean\notebooks\data\pseudo_labels_v2_train\LEAF_BLIGHT_to_label_2776.jpg_pseudo.png
to_label_2777.jpg,LEAF_BLIGHT,to_label_2777,train,0.5,0.08994339923469388,0.17994658801020408,0.23515226403061223,0.2335541844367981,0.9628759622573853,0.19309537741227986,0.32368808239134567,0.2237477752332931,0.5849767338669405,0.3236880423648489,0.7994218513877769,0.7801339285698737,2640,9159,1873,36504,0.15457413249079568,0.26775956283955277,0.20079743049949275,0.40172834034119814,0.2677595183980625,0.8419727131357073,0.802375637753503,1813,7216,2700,38447,E:\Master\thesis-clean\notebooks\data\raw\train\LEAF_BLIGHT\to_label_2777.jpg,E:\Master\thesis-clean\notebooks\data\raw\GT_OK\SegmentationClass\LEAF_BLIGHT\to_label_2777.png,E:\Master\thesis-clean\notebooks\data\pseudo_labels_v2_train\LEAF_BLIGHT_to_label_2777.jpg_pseudo.png
to_label_2778.jpg,LEAF_BLIGHT,to_label_2778,train,0.5,0.07535475127551021,0.17988679846938777,0.2787986288265306,0.2689834535121918,0.9255292415618896,0.19526468016280846,0.3267304445676605,0.20752019443700392,0.7677862999003495,0.3267304110655414,0.7610518374808469,0.761559311222972,2903,11086,878,35309,0.17743863197409726,0.30139767314514404,0.21382672279842868,0.510446971687108,0.3013976315290149,0.8470524841020648,0.8216876594371378,1930,7096,1851,39299,E:\Master\thesis-clean\notebooks\data\raw\train\LEAF_BLIGHT\to_label_2778.jpg,E:\Master\thesis-clean\notebooks\data\raw\GT_OK\SegmentationClass\LEAF_BLIGHT\to_label_2778.png,E:\Master\thesis-clean\notebooks\data\pseudo_labels_v2_train\LEAF_BLIGHT_to_label_2778.jpg_pseudo.png
to_label_2779.jpg,LEAF_BLIGHT,to_label_2779,train,0.5,0.07553411989795919,0.18062420280612246,0.1503109056122449,0.14937947690486908,0.9623768925666809,0.13695194140526784,0.24091069537380064,0.18098647573347937,0.3601583113361436,0.24091065085296984,0.8668348208492501,0.8285634566310017,1365,6177,2425,40209,0.13854194348358098,0.24336730724155162,0.1725697892511026,0.4126649076408268,0.24336726565509956,0.8383348424075403,0.8061822385188014,1564,7499,2226,38887,E:\Master\thesis-clean\notebooks\data\raw\train\LEAF_BLIGHT\to_label_2779.jpg,E:\Master\thesis-clean\notebooks\data\raw\GT_OK\SegmentationClass\LEAF_BLIGHT\to_label_2779.png,E:\Master\thesis-clean\notebooks\data\pseudo_labels_v2_train\LEAF_BLIGHT_to_label_2779.jpg_pseudo.png
to_label_2780.jpg,LEAF_BLIGHT,to_label_2780,train,0.5,0.07880261479591837,0.17695711096938777,0.20380261479591838,0.20425862073898315,0.9875837564468384,0.18542049824289064,0.3128349788412353,0.2168981028729034,0.5609509357470676,0.312834938621079,0.8267491670615146,0.8058035714269655,2218,8008,1736,38214,0.09937462520260965,0.18078391646395398,0.1306453429425538,0.2933737986774564,0.18078387382676395,0.8330016009674333,0.7904775191310777,1160,7719,2794,38503,E:\Master\thesis-clean\notebooks\data\raw\train\LEAF_BLIGHT\to_label_2780.jpg,E:\Master\thesis-clean\notebooks\data\raw\GT_OK\SegmentationClass\LEAF_BLIGHT\to_label_2780.png,E:\Master\thesis-clean\notebooks\data\pseudo_labels_v2_train\LEAF_BLIGHT_to_label_2780.jpg_pseudo.png
to_label_2781.jpg,LEAF_BLIGHT,to_label_2781,train,0.5,0.03926179846938776,0.11431760204081633,0.1351642219387755,0.1337253749370575,0.9547997713088989,0.07531637793248168,0.1400822669088199,0.0903863167193986,0.31116751267456,0.14008223202217482,0.8720283782083723,0.8500079719370814,613,6169,1357,42037,0.06657439446274638,0.12483778873442983,0.08385634588417266,0.2441624365358293,0.12483775067469932,0.890988673607246,0.8655931122431728,481,5255,1489,42951,E:\Master\thesis-clean\notebooks\data\raw\train\LEAF_BLIGHT\to_label_2781.jpg,E:\Master\thesis-clean\notebooks\data\raw\GT_OK\SegmentationClass\LEAF_BLIGHT\to_label_2781.png,E:\Master\thesis-clean\notebooks\data\pseudo_labels_v2_train\LEAF_BLIGHT_to_label_2781.jpg_pseudo.png
to_label_2784.jpg,LEAF_BLIGHT,to_label_2784,train,0.5,0.0546875,0.059849330357142856,0.11017219387755102,0.11558792740106583,0.9515564441680908,0.1827280526139158,0.30899419728833416,0.23118668595819128,0.465743440216263,0.3089941529481379,0.9103980435130072,0.8860809948961932,1278,4250,1466,43182,0.24799131378397413,0.39742474333743827,0.38028638027371675,0.4161807580023258,0.39742469343208087,0.9607648844641576,0.9309829400491649,1142,1861,1602,45571,E:\Master\thesis-clean\notebooks\data\raw\train\LEAF_BLIGHT\to_label_2784.jpg,E:\Master\thesis-clean\notebooks\data\raw\GT_OK\SegmentationClass\LEAF_BLIGHT\to_label_2784.png,E:\Master\thesis-clean\notebooks\data\pseudo_labels_v2_train\LEAF_BLIGHT_to_label_2784.jpg_pseudo.png
to_label_2804.jpg,LEAF_BLIGHT,to_label_2804,test,0.5,0.06116470025510204,0.0,0.1486766581632653,0.1466924548149109,0.9348700046539307,0.16484124349856352,0.2830278279011964,0.19973190348257733,0.4855001629036983,0.2830277865945764,0.8732672426584727,0.8495495854574905,1490,5970,1579,41137,0.0,0.0,0.0,0.0,0.0,0.9999999999978771,0.9388352997430268,0,0,3069,47107,E:\Master\thesis-clean\notebooks\data\raw\test\LEAF_BLIGHT\to_label_2804.jpg,E:\Master\thesis-clean\notebooks\data\raw\GT_OK\SegmentationClass\LEAF_BLIGHT\to_label_2804.png,
to_label_2810.jpg,LEAF_BLIGHT,to_label_2810,train,0.5,0.11997767857142858,0.17091836734693877,0.2390186543367347,0.2396191507577896,0.978005051612854,0.34445439617596313,0.5124077055431498,0.3848078045494471,0.7666112956683288,0.512407661038033,0.8329105897254441,0.8249561543350905,4615,7378,1405,36778,0.3619483064256606,0.5315154836905213,0.45230876865144226,0.644352159457735,0.5315154352201731,0.8936271401374816,0.8637197066309317,3879,4697,2141,39459,E:\Master\thesis-clean\notebooks\data\raw\train\LEAF_BLIGHT\to_label_2810.jpg,E:\Master\thesis-clean\notebooks\data\raw\GT_OK\SegmentationClass\LEAF_BLIGHT\to_label_2810.png,E:\Master\thesis-clean\notebooks\data\pseudo_labels_v2_train\LEAF_BLIGHT_to_label_2810.jpg_pseudo.png
to_label_2827.jpg,LEAF_BLIGHT,to_label_2827,test,0.5,0.12436224489795919,0.0,0.2764867665816326,0.26551732420921326,0.9410964250564575,0.1528056399372224,0.2651021727227907,0.19217184458882597,0.4272435897367429,0.26510212992271187,0.7449244355409119,0.7054169323965533,2666,11207,3574,32729,0.0,0.0,0.0,0.0,0.0,0.9999999999977239,0.8756377551002956,0,0,6240,43936,E:\Master\thesis-clean\notebooks\data\raw\test\LEAF_BLIGHT\to_label_2827.jpg,E:\Master\thesis-clean\notebooks\data\raw\GT_OK\SegmentationClass\LEAF_BLIGHT\to_label_2827.png,
to_label_2899.jpg,LEAF_BLIGHT,to_label_2899,test,0.5,0.03248565051020408,0.0,0.17725605867346939,0.1813540756702423,0.9331957101821899,0.07486467163645322,0.13930064614082763,0.08241511131006954,0.44969325150615375,0.13930061996050933,0.8318914019675526,0.8194754464269383,733,8161,897,40385,0.0,0.0,0.0,0.0,0.0,0.9999999999979401,0.9675143494878676,0,0,1630,48546,E:\Master\thesis-clean\notebooks\data\raw\test\LEAF_BLIGHT\to_label_2899.jpg,E:\Master\thesis-clean\notebooks\data\raw\GT_OK\SegmentationClass\LEAF_BLIGHT\to_label_2899.png,
to_label_2904.jpg,LEAF_BLIGHT,to_label_2904,test,0.5,0.016721141581632654,0.0,0.1444515306122449,0.14255928993225098,0.95978844165802,0.09505754908469793,0.1736119698259724,0.0968543046344253,0.836710369387758,0.1736119512271546,0.8673206721104499,0.8668088329064357,702,6546,137,42791,0.0,0.0,0.0,0.0,0.0,0.9999999999979731,0.9832788584164077,0,0,839,49337,E:\Master\thesis-clean\notebooks\data\raw\test\LEAF_BLIGHT\to_label_2904.jpg,E:\Master\thesis-clean\notebooks\data\raw\GT_OK\SegmentationClass\LEAF_BLIGHT\to_label_2904.png,
to_label_2980.jpg,LEAF_BLIGHT,to_label_2980,test,0.5,0.08938536352040816,0.0,0.20665258290816327,0.2042480707168579,0.9560518264770508,0.3709275496043292,0.54113370135626,0.3875976468281647,0.8960981047737772,0.5411336591982624,0.8610229585676369,0.8641581632635839,4019,6350,466,39341,0.0,0.0,0.0,0.0,0.0,0.9999999999978114,0.910614636477777,0,0,4485,45691,E:\Master\thesis-clean\notebooks\data\raw\test\LEAF_BLIGHT\to_label_2980.jpg,E:\Master\thesis-clean\notebooks\data\raw\GT_OK\SegmentationClass\LEAF_BLIGHT\to_label_2980.png,
to_label_3020.jpg,LEAF_BLIGHT,to_label_3020,test,0.5,0.02010921556122449,0.0,0.09386957908163265,0.10181904584169388,0.7700796723365784,0.12934439178259588,0.22906102465065464,0.1390658174068139,0.6491575816997862,0.22906099558623383,0.9175259828728263,0.9121293048451209,655,4055,354,45112,0.0,0.0,0.0,0.0,0.0,0.9999999999979661,0.9798907844368225,0,0,1009,49167,E:\Master\thesis-clean\notebooks\data\raw\test\LEAF_BLIGHT\to_label_3020.jpg,E:\Master\thesis-clean\notebooks\data\raw\GT_OK\SegmentationClass\LEAF_BLIGHT\to_label_3020.png,
to_label_3097.jpg,LEAF_BLIGHT,to_label_3097,test,0.5,0.018215880102040817,0.0,0.15230389030612246,0.17585599422454834,0.9431872367858887,0.06391444914120972,0.12014960261664154,0.06725987961178671,0.5623632384505073,0.12014958353245904,0.8553042913384449,0.849968112243204,514,7128,400,42134,0.0,0.0,0.0,0.0,0.0,0.9999999999979701,0.9817841198960024,0,0,914,49262,E:\Master\thesis-clean\notebooks\data\raw\test\LEAF_BLIGHT\to_label_3097.jpg,E:\Master\thesis-clean\notebooks\data\raw\GT_OK\SegmentationClass\LEAF_BLIGHT\to_label_3097.png,
to_label_3098.jpg,LEAF_BLIGHT,to_label_3098,test,0.5,0.0431281887755102,0.0,0.17893016581632654,0.17654268443584442,0.9321742057800293,0.16462841015820392,0.2827140549247647,0.17542882601720394,0.7278188539404891,0.2827140236225042,0.8458093809863246,0.8407206632636306,1575,7403,589,40609,0.0,0.0,0.0,0.0,0.0,0.9999999999979172,0.9568718112225828,0,0,2164,48012,E:\Master\thesis-clean\notebooks\data\raw\test\LEAF_BLIGHT\to_label_3098.jpg,E:\Master\thesis-clean\notebooks\data\raw\GT_OK\SegmentationClass\LEAF_BLIGHT\to_label_3098.png,
to_label_3214.jpg,LEAF_BLIGHT,to_label_3214,test,0.5,0.014449139030612245,0.0,0.15595105229591838,0.14733660221099854,0.8966271281242371,0.061452513965717534,0.11578947368285625,0.06325878594168359,0.6827586205954816,0.11578945816048906,0.8517724616269605,0.8493303571411644,495,7330,230,42121,0.0,0.0,0.0,0.0,0.0,0.9999999999979777,0.9855508609674235,0,0,725,49451,E:\Master\thesis-clean\notebooks\data\raw\test\LEAF_BLIGHT\to_label_3214.jpg,E:\Master\thesis-clean\notebooks\data\raw\GT_OK\SegmentationClass\LEAF_BLIGHT\to_label_3214.png,
to_label_3578.jpg,LEAF_BLIGHT,to_label_3578,test,0.5,0.04878826530612245,0.0,0.2019092793367347,0.20269109308719635,0.9730113744735718,0.1213228739514947,0.21639240003007876,0.13434014411080505,0.5559640522648708,0.2163923686809656,0.8162504190395234,0.8035514987228883,1361,8770,1087,38958,0.0,0.0,0.0,0.0,0.0,0.9999999999979048,0.9512117346919818,0,0,2448,47728,E:\Master\thesis-clean\notebooks\data\raw\test\LEAF_BLIGHT\to_label_3578.jpg,E:\Master\thesis-clean\notebooks\data\raw\GT_OK\SegmentationClass\LEAF_BLIGHT\to_label_3578.png,
to_label_3690.jpg,PHOMOPSIS_LEAF_SPOT,to_label_3690,test,0.5,0.009028220663265306,0.0,0.08838887117346939,0.0939825102686882,0.8882211446762085,0.05095678348632645,0.09697217675742692,0.053438556932278725,0.5231788078315278,0.09697215993802374,0.9155722703760522,0.9120296556104273,237,4198,216,45525,0.0,0.0,0.0,0.0,0.0,0.9999999999979888,0.9909717793347597,0,0,453,49723,E:\Master\thesis-clean\notebooks\data\raw\test\PHOMOPSIS_LEAF_SPOT\to_label_3690.jpg,E:\Master\thesis-clean\notebooks\data\raw\GT_OK\SegmentationClass\PHOMOPSIS_LEAF_SPOT\to_label_3690.png,
to_label_3714.jpg,PHOMOPSIS_LEAF_SPOT,to_label_3714,train,0.5,0.037029655612244895,0.08416374362244898,0.09721779336734694,0.09650520235300064,0.8772538900375366,0.23960250275598818,0.3865795724408168,0.2669126691212195,0.7007534983476451,0.3865795324853983,0.9259903141667163,0.9176498724471507,1302,3576,556,44742,0.13663551401613766,0.24042098338693602,0.1730996921578712,0.3934337997635396,0.24042094094578415,0.9277287967197986,0.9079440369879864,731,3492,1127,44826,E:\Master\thesis-clean\notebooks\data\raw\train\PHOMOPSIS_LEAF_SPOT\to_label_3714.jpg,E:\Master\thesis-clean\notebooks\data\raw\GT_OK\SegmentationClass\PHOMOPSIS_LEAF_SPOT\to_label_3714.png,E:\Master\thesis-clean\notebooks\data\pseudo_labels_v2_train\PHOMOPSIS_LEAF_SPOT_to_label_3714.jpg_pseudo.png
to_label_3715.jpg,PHOMOPSIS_LEAF_SPOT,to_label_3715,train,0.5,0.003168845663265306,0.08988360969387756,0.07890226403061225,0.07898592203855515,0.8589650392532349,0.02057001239106394,0.04031083049926394,0.02096489012323908,0.5220125782880424,0.04031082307425267,0.9225063478398894,0.9212372448961231,83,3876,76,46141,0.015441496302404491,0.030413364745546942,0.015742793791225215,0.4465408802223014,0.030413358165957145,0.9112501749386983,0.90977758290635,71,4439,88,45578,E:\Master\thesis-clean\notebooks\data\raw\train\PHOMOPSIS_LEAF_SPOT\to_label_3715.jpg,E:\Master\thesis-clean\notebooks\data\raw\GT_OK\SegmentationClass\PHOMOPSIS_LEAF_SPOT\to_label_3715.png,E:\Master\thesis-clean\notebooks\data\pseudo_labels_v2_train\PHOMOPSIS_LEAF_SPOT_to_label_3715.jpg_pseudo.png
to_label_3726.jpg,PHOMOPSIS_LEAF_SPOT,to_label_3726,train,0.5,0.06742267219387756,0.08922592474489796,0.08818957270408163,0.08797002583742142,0.9429518580436707,0.1163854732611326,0.20850409835798536,0.18395480225572985,0.24061483889327182,0.20850404924580995,0.9228303378690769,0.8768335459166198,814,3611,2569,43182,0.2529890004742071,0.4038167938879922,0.35447844537961853,0.46911025715432725,0.4038167448514942,0.9382386254334233,0.9066087372430911,1587,2890,1796,43903,E:\Master\thesis-clean\notebooks\data\raw\train\PHOMOPSIS_LEAF_SPOT\to_label_3726.jpg,E:\Master\thesis-clean\notebooks\data\raw\GT_OK\SegmentationClass\PHOMOPSIS_LEAF_SPOT\to_label_3726.png,E:\Master\thesis-clean\notebooks\data\pseudo_labels_v2_train\PHOMOPSIS_LEAF_SPOT_to_label_3726.jpg_pseudo.png
to_label_3730.jpg,PHOMOPSIS_LEAF_SPOT,to_label_3730,train,0.5,0.004803093112244898,0.055345184948979595,0.057896205357142856,0.06000014767050743,0.7013402581214905,0.04971638304805751,0.09472345835681108,0.05129087779513629,0.6182572611542501,0.09472344420643142,0.9448082507240516,0.9432397959164874,149,2756,92,47179,0.027229407759454413,0.053015241880284454,0.028808066257515016,0.331950207331141,0.05301522718302918,0.9459897867208451,0.9430404974471001,80,2697,161,47238,E:\Master\thesis-clean\notebooks\data\raw\train\PHOMOPSIS_LEAF_SPOT\to_label_3730.jpg,E:\Master\thesis-clean\notebooks\data\raw\GT_OK\SegmentationClass\PHOMOPSIS_LEAF_SPOT\to_label_3730.png,E:\Master\thesis-clean\notebooks\data\pseudo_labels_v2_train\PHOMOPSIS_LEAF_SPOT_to_label_3730.jpg_pseudo.png
to_label_3731.jpg,PHOMOPSIS_LEAF_SPOT,to_label_3731,train,0.5,0.009347098214285714,0.0723453443877551,0.04005899234693878,0.04936642572283745,0.432341992855072,0.003643724696208756,0.007260992335326301,0.004477611940075741,0.01918976545433054,0.0072609616558350475,0.9597441004265802,0.9509526466817783,9,2001,460,47706,0.007620452310530471,0.015125640399728578,0.008539944903346008,0.06609808100936075,0.01512562013405921,0.9275957108638067,0.9195432079063306,31,3599,438,46108,E:\Master\thesis-clean\notebooks\data\raw\train\PHOMOPSIS_LEAF_SPOT\to_label_3731.jpg,E:\Master\thesis-clean\notebooks\data\raw\GT_OK\SegmentationClass\PHOMOPSIS_LEAF_SPOT\to_label_3731.png,E:\Master\thesis-clean\notebooks\data\pseudo_labels_v2_train\PHOMOPSIS_LEAF_SPOT_to_label_3731.jpg_pseudo.png
to_label_3733.jpg,PHOMOPSIS_LEAF_SPOT,to_label_3733,test,0.5,0.0205875318877551,0.0,0.06855867346938775,0.07856735587120056,0.7912759780883789,0.02615278733594511,0.05097250167558747,0.033139534882757574,0.11035818004739997,0.05097246615299993,0.9323199641842534,0.9153977997430736,114,3326,919,45817,0.0,0.0,0.0,0.0,0.0,0.9999999999979651,0.9794124681102929,0,0,1033,49143,E:\Master\thesis-clean\notebooks\data\raw\test\PHOMOPSIS_LEAF_SPOT\to_label_3733.jpg,E:\Master\thesis-clean\notebooks\data\raw\GT_OK\SegmentationClass\PHOMOPSIS_LEAF_SPOT\to_label_3733.png,
to_label_3788.jpg,PHOMOPSIS_LEAF_SPOT,to_label_3788,test,0.5,0.004205197704081632,0.0,0.09442761479591837,0.09593033045530319,0.9322220087051392,0.0308269110595537,0.059810062637708425,0.0312368087794167,0.7014218006154399,0.05981005447307239,0.908135694984673,0.9072664221920693,148,4590,63,45375,0.0,0.0,0.0,0.0,0.0,0.9999999999979986,0.9957948022939338,0,0,211,49965,E:\Master\thesis-clean\notebooks\data\raw\test\PHOMOPSIS_LEAF_SPOT\to_label_3788.jpg,E:\Master\thesis-clean\notebooks\data\raw\GT_OK\SegmentationClass\PHOMOPSIS_LEAF_SPOT\to_label_3788.png,
to_label_3798.jpg,PHOMOPSIS_LEAF_SPOT,to_label_3798,train,0.5,0.01686065051020408,0.08972417091836735,0.08523995535714286,0.08689146488904953,0.8281046152114868,0.11055712117687932,0.19910208861606282,0.1192424596652036,0.6028368793613669,0.19910206103874362,0.9236367322097635,0.918227838008374,510,3767,336,45563,0.09545268332455034,0.17427075541932927,0.10350955130822946,0.5508274231027391,0.17427072878289301,0.9181836610563183,0.9119897959165497,466,4036,380,45294,E:\Master\thesis-clean\notebooks\data\raw\train\PHOMOPSIS_LEAF_SPOT\to_label_3798.jpg,E:\Master\thesis-clean\notebooks\data\raw\GT_OK\SegmentationClass\PHOMOPSIS_LEAF_SPOT\to_label_3798.png,E:\Master\thesis-clean\notebooks\data\pseudo_labels_v2_train\PHOMOPSIS_LEAF_SPOT_to_label_3798.jpg_pseudo.png
to_label_3847.jpg,PHOMOPSIS_LEAF_SPOT,to_label_3847,train,0.5,0.007035235969387755,0.08986367984693877,0.07637117346938775,0.07587279379367828,0.8948430418968201,0.05735219807838928,0.10848267622201953,0.05923799582308878,0.6430594899028159,0.10848266077260277,0.9276438592599249,0.9256417410695837,227,3605,126,46218,0.04649160568130668,0.08885232414461432,0.047904191615704056,0.6118980168238248,0.08885231067627981,0.9138349758125487,0.9117107780594075,216,4293,137,45530,E:\Master\thesis-clean\notebooks\data\raw\train\PHOMOPSIS_LEAF_SPOT\to_label_3847.jpg,E:\Master\thesis-clean\notebooks\data\raw\GT_OK\SegmentationClass\PHOMOPSIS_LEAF_SPOT\to_label_3847.png,E:\Master\thesis-clean\notebooks\data\pseudo_labels_v2_train\PHOMOPSIS_LEAF_SPOT_to_label_3847.jpg_pseudo.png
to_label_3887.jpg,PHOMOPSIS_LEAF_SPOT,to_label_3887,train,0.5,0.0034877232142857145,0.08978396045918367,0.08350605867346939,0.08248461782932281,0.910319447517395,0.01700838769764659,0.033447880869795006,0.017422434367125955,0.4171428569044898,0.03344787317217078,0.9176616467652293,0.9159159757634807,73,4117,102,45884,0.010799136068881228,0.021367521367064796,0.011098779134048862,0.2857142855510204,0.021367514167627884,0.9109017819625389,0.908721301018597,50,4455,125,45546,E:\Master\thesis-clean\notebooks\data\raw\train\PHOMOPSIS_LEAF_SPOT\to_label_3887.jpg,E:\Master\thesis-clean\notebooks\data\raw\GT_OK\SegmentationClass\PHOMOPSIS_LEAF_SPOT\to_label_3887.png,E:\Master\thesis-clean\notebooks\data\pseudo_labels_v2_train\PHOMOPSIS_LEAF_SPOT_to_label_3887.jpg_pseudo.png
to_label_3895.jpg,PHOMOPSIS_LEAF_SPOT,to_label_3895,train,0.5,0.01056281887755102,0.03537547831632653,0.07108976403061225,0.07710567861795425,0.7549836039543152,0.050243527299404164,0.09567976567987113,0.05494813568671298,0.36981132068494127,0.09567974315190587,0.9320992627786083,0.9261599170899909,196,3371,334,46275,0.03735373537185627,0.07201735357605131,0.04676056337764729,0.1566037735553578,0.07201731815997336,0.9659187044254,0.9573700573960512,83,1692,447,47954,E:\Master\thesis-clean\notebooks\data\raw\train\PHOMOPSIS_LEAF_SPOT\to_label_3895.jpg,E:\Master\thesis-clean\notebooks\data\raw\GT_OK\SegmentationClass\PHOMOPSIS_LEAF_SPOT\to_label_3895.png,E:\Master\thesis-clean\notebooks\data\pseudo_labels_v2_train\PHOMOPSIS_LEAF_SPOT_to_label_3895.jpg_pseudo.png
to_label_3906.jpg,PHOMOPSIS_LEAF_SPOT,to_label_3906,train,0.5,0.04223134566326531,0.06662547831632654,0.10720264668367346,0.10746005177497864,0.946803867816925,0.15141277641045128,0.26300346758785004,0.1833054471057203,0.4653138272550584,0.26300342703614454,0.9085877187487597,0.889867665814553,986,4393,1133,43664,0.02707784881483494,0.05272793848310641,0.0430750822601533,0.0679565832907996,0.052727890993083996,0.9334332147222394,0.8968829719369881,144,3199,1975,44858,E:\Master\thesis-clean\notebooks\data\raw\train\PHOMOPSIS_LEAF_SPOT\to_label_3906.jpg,E:\Master\thesis-clean\notebooks\data\raw\GT_OK\SegmentationClass\PHOMOPSIS_LEAF_SPOT\to_label_3906.png,E:\Master\thesis-clean\notebooks\data\pseudo_labels_v2_train\PHOMOPSIS_LEAF_SPOT_to_label_3906.jpg_pseudo.png
to_label_3954.jpg,PHOMOPSIS_LEAF_SPOT,to_label_3954,test,0.5,0.08059630102040816,0.0,0.07445790816326531,0.07492894679307938,0.912988543510437,0.042895442358674325,0.08226221079585781,0.08565310492276089,0.07912957467657938,0.08226216087319395,0.9259516170967529,0.8577008928554335,320,3416,3724,42716,0.0,0.0,0.0,0.0,0.0,0.9999999999978323,0.9194036989777594,0,0,4044,46132,E:\Master\thesis-clean\notebooks\data\raw\test\PHOMOPSIS_LEAF_SPOT\to_label_3954.jpg,E:\Master\thesis-clean\notebooks\data\raw\GT_OK\SegmentationClass\PHOMOPSIS_LEAF_SPOT\to_label_3954.png,
to_label_4067.jpg,PHOMOPSIS_LEAF_SPOT,to_label_4067,test,0.5,0.01797672193877551,0.0,0.08996332908163265,0.08944594860076904,0.9595731496810913,0.1236514522795923,0.2200886262884031,0.1320336730143546,0.6607538801928211,0.22008859852298043,0.9204854487134787,0.915816326528787,596,3918,306,45356,0.0,0.0,0.0,0.0,0.0,0.9999999999979705,0.9820232780592674,0,0,902,49274,E:\Master\thesis-clean\notebooks\data\raw\test\PHOMOPSIS_LEAF_SPOT\to_label_4067.jpg,E:\Master\thesis-clean\notebooks\data\raw\GT_OK\SegmentationClass\PHOMOPSIS_LEAF_SPOT\to_label_4067.png,
to_label_4087.jpg,PHOMOPSIS_LEAF_SPOT,to_label_4087,test,0.5,0.004444355867346939,0.0,0.07916135204081633,0.0854278951883316,0.8679505586624146,0.05614300100563588,0.10631704409758481,0.05614300100563588,0.9999999995515695,0.10631703402851266,0.9249494524834846,0.9252830038246865,223,3749,0,46204,0.0,0.0,0.0,0.0,0.0,0.9999999999979982,0.9955556441306689,0,0,223,49953,E:\Master\thesis-clean\notebooks\data\raw\test\PHOMOPSIS_LEAF_SPOT\to_label_4087.jpg,E:\Master\thesis-clean\notebooks\data\raw\GT_OK\SegmentationClass\PHOMOPSIS_LEAF_SPOT\to_label_4087.png,
to_label_4117.jpg,PHOMOPSIS_LEAF_SPOT,to_label_4117,test,0.5,0.009745695153061224,0.0,0.1458466198979592,0.14275217056274414,0.9613997936248779,0.030763137047388922,0.05969002177456526,0.03183930035485325,0.47648261748947185,0.05969001003123995,0.8574073701353323,0.8536949936207475,233,7085,256,42602,0.0,0.0,0.0,0.0,0.0,0.9999999999979874,0.9902543048449652,0,0,489,49687,E:\Master\thesis-clean\notebooks\data\raw\test\PHOMOPSIS_LEAF_SPOT\to_label_4117.jpg,E:\Master\thesis-clean\notebooks\data\raw\GT_OK\SegmentationClass\PHOMOPSIS_LEAF_SPOT\to_label_4117.png,
to_label_4199.jpg,PHOMOPSIS_LEAF_SPOT,to_label_4199,test,0.5,0.022799744897959183,0.0,0.026028380102040817,0.0333368144929409,0.1248895525932312,0.11211983658138358,0.2016326530529946,0.1891271056516748,0.21590909089021773,0.2016326032633859,0.978401860007794,0.9610172193858398,247,1059,897,47973,0.0,0.0,0.0,0.0,0.0,0.9999999999979605,0.9772002551000932,0,0,1144,49032,E:\Master\thesis-clean\notebooks\data\raw\test\PHOMOPSIS_LEAF_SPOT\to_label_4199.jpg,E:\Master\thesis-clean\notebooks\data\raw\GT_OK\SegmentationClass\PHOMOPSIS_LEAF_SPOT\to_label_4199.png,
to_label_4319.jpg,PHOMOPSIS_LEAF_SPOT,to_label_4319,test,0.5,0.009964923469387755,0.0,0.09701849489795919,0.09635543078184128,0.9590667486190796,0.06045041485459403,0.11400894187567048,0.06285949054924282,0.6119999998776,0.11400892497981888,0.9081649086059502,0.9052136479573796,306,4562,194,45114,0.0,0.0,0.0,0.0,0.0,0.9999999999979869,0.9900350765286391,0,0,500,49676,E:\Master\thesis-clean\notebooks\data\raw\test\PHOMOPSIS_LEAF_SPOT\to_label_4319.jpg,E:\Master\thesis-clean\notebooks\data\raw\GT_OK\SegmentationClass\PHOMOPSIS_LEAF_SPOT\to_label_4319.png,
to_label_4408.jpg,PHOMOPSIS_LEAF_SPOT,to_label_4408,test,0.5,0.010443239795918368,0.0,0.05249521683673469,0.053259123116731644,0.5930947661399841,0.08746556473528011,0.16086130461808545,0.0964312832157771,0.48473282433497467,0.16086127693384308,0.9520663820169337,0.9471859056103572,254,2380,270,47272,0.0,0.0,0.0,0.0,0.0,0.9999999999979859,0.9895567602021095,0,0,524,49652,E:\Master\thesis-clean\notebooks\data\raw\test\PHOMOPSIS_LEAF_SPOT\to_label_4408.jpg,E:\Master\thesis-clean\notebooks\data\raw\GT_OK\SegmentationClass\PHOMOPSIS_LEAF_SPOT\to_label_4408.png,
