filename,class_name,confidence,mask_area_ratio,gt_area_ratio,iou,dice,pixel_precision,pixel_recall,boundary_iou
ALGAL_LEAF_SPOT_to_label_19.jpg,ALGAL_LEAF_SPOT,0.9999130964279175,0.12474091198979592,0.018415178571428572,0.10985784919653893,0.1979674230822776,0.1135964211535389,0.7694805194805194,0.05337620578778135
ALGAL_LEAF_SPOT_to_label_20.jpg,ALGAL_LEAF_SPOT,0.9965614676475525,0.11746651785714286,0.06435347576530612,0.16083471179539383,0.27710183053820014,0.21445537835086528,0.39145246206255807,0.05158603011855174
ALGAL_LEAF_SPOT_to_label_21.jpg,ALGAL_LEAF_SPOT,0.9983804225921631,0.16067442602040816,0.028360172193877552,0.1080607476635514,0.19504480759093304,0.11473579756884147,0.6500351370344343,0.036591478696741855
ALGAL_LEAF_SPOT_to_label_24.jpg,ALGAL_LEAF_SPOT,0.9999474287033081,0.17998644770408162,0.018494897959183673,0.08639685829606196,0.15905211366603073,0.0876979293544458,0.853448275862069,0.03298086606243706
ALGAL_LEAF_SPOT_to_label_26.jpg,ALGAL_LEAF_SPOT,0.9996261596679688,0.20294563137755103,0.013073979591836735,0.06442109398016302,0.12104437678752653,0.06442109398016302,1.0,0.0
ALGAL_LEAF_SPOT_to_label_32.jpg,ALGAL_LEAF_SPOT,0.9935044050216675,0.21291055484693877,0.030233577806122448,0.12660448794902576,0.22475409836065574,0.12833473743330526,0.9037574159525379,0.03659783275403803
ALGAL_LEAF_SPOT_to_label_33.jpg,ALGAL_LEAF_SPOT,0.9972265362739563,0.22658242984693877,0.03866390306122449,0.11727669576897247,0.2099331279585243,0.12287800158325271,0.7201030927835051,0.06240775880244571
ALGAL_LEAF_SPOT_to_label_36.jpg,ALGAL_LEAF_SPOT,0.9993495345115662,0.0823501275510204,0.020926339285714284,0.04771532551556813,0.09108452335005789,0.057115198451113264,0.22476190476190477,0.01753805426869623
ALGAL_LEAF_SPOT_to_label_39.jpg,ALGAL_LEAF_SPOT,0.9994226694107056,0.14307637117346939,0.07698899872448979,0.17206241375650144,0.29360623075529796,0.22579746482797047,0.4196220553973596,0.06507252058016465
ALGAL_LEAF_SPOT_to_label_40.jpg,ALGAL_LEAF_SPOT,0.9998446702957153,0.20888472576530612,0.04974489795918367,0.16962595763857594,0.2900516298065809,0.1795630187959164,0.7540064102564102,0.017930519237952934
ALLOCARIDARA_ATTACK_to_label_855.jpg,ALLOCARIDARA_ATTACK,0.9999990463256836,0.18508848852040816,0.11244419642857142,0.3807806141324454,0.5515439748141202,0.44330784968235165,0.7297057780928748,0.0456422965716646
ALLOCARIDARA_ATTACK_to_label_864.jpg,ALLOCARIDARA_ATTACK,0.9999985694885254,0.15776466836734693,0.05707908163265306,0.2587575899112564,0.4111317254174397,0.27993936331480546,0.7737430167597765,0.06912696226934728
ALLOCARIDARA_ATTACK_to_label_868.jpg,ALLOCARIDARA_ATTACK,0.9999996423721313,0.1722138073979592,0.18919403698979592,0.6887688582603837,0.8157053049520239,0.8559194537669251,0.7791003897608765,0.09326683291770574
ALLOCARIDARA_ATTACK_to_label_869.jpg,ALLOCARIDARA_ATTACK,0.9999963045120239,0.1045719068877551,0.14032605229591838,0.6014596637560277,0.7511393229166666,0.8795502191728607,0.6554466695071722,0.08270676691729323
ALLOCARIDARA_ATTACK_to_label_874.jpg,ALLOCARIDARA_ATTACK,0.9999990463256836,0.19200414540816327,0.16238839285714285,0.34937016239186525,0.5178270160836801,0.47789080340460866,0.5650466372115857,0.08743985399037664
ALLOCARIDARA_ATTACK_to_label_876.jpg,ALLOCARIDARA_ATTACK,0.9999759197235107,0.10730229591836735,0.20212850765306123,0.3614521220624342,0.5309802911245652,0.7656017830609212,0.4064287122855453,0.09115674769488684
ALLOCARIDARA_ATTACK_to_label_877.jpg,ALLOCARIDARA_ATTACK,0.9999982118606567,0.22971141581632654,0.2919921875,0.599963327424974,0.7499713488940674,0.8516397709526289,0.6699883966964713,0.07534482758620689
ALLOCARIDARA_ATTACK_to_label_879.jpg,ALLOCARIDARA_ATTACK,0.9999963045120239,0.18387276785714285,0.10574776785714286,0.44038061254831995,0.6114781172584641,0.4815738131367873,0.8373539389370523,0.06711249104370672
ALLOCARIDARA_ATTACK_to_label_885.jpg,ALLOCARIDARA_ATTACK,0.9999762773513794,0.07495615433673469,0.030472735969387755,0.16340444248955355,0.28090737240075614,0.19755384206328105,0.48593852190974496,0.0434634974533107
ALLOCARIDARA_ATTACK_to_label_892.jpg,ALLOCARIDARA_ATTACK,0.9999902248382568,0.1376355229591837,0.061045121173469385,0.3016059537798668,0.46343665362624137,0.3344917463075586,0.7541625857002938,0.06713959969597162
LEAF_BLIGHT_to_label_2757.jpg,LEAF_BLIGHT,0.9999767541885376,0.11407844387755102,0.024693080357142856,0.18964633521271143,0.31882809133993967,0.19392033542976939,0.8958837772397095,0.023021001615508886
LEAF_BLIGHT_to_label_2773.jpg,LEAF_BLIGHT,0.9993696808815002,0.0966796875,0.032704878826530615,0.29554979046098584,0.45625385089340725,0.30529787672644815,0.902498476538696,0.0332174584781769
LEAF_BLIGHT_to_label_2776.jpg,LEAF_BLIGHT,0.9997045397758484,0.08876753826530612,0.03411989795918367,0.3436478535628677,0.5115147583522544,0.35406376290974406,0.9211448598130841,0.05040983606557377
LEAF_BLIGHT_to_label_2777.jpg,LEAF_BLIGHT,0.9997945427894592,0.13480548469387754,0.08994339923469388,0.2626805508901579,0.4160681032189412,0.346836191602602,0.5198315976069133,0.04090194022024122
LEAF_BLIGHT_to_label_2778.jpg,LEAF_BLIGHT,0.9999881982803345,0.14855707908163265,0.07535475127551021,0.2860576923076923,0.44485981308411215,0.3352562382613362,0.6609362602486115,0.07661668228678538
LEAF_BLIGHT_to_label_2779.jpg,LEAF_BLIGHT,0.9972163438796997,0.12143255739795919,0.07553411989795919,0.20026718484333253,0.33370434078721034,0.27063843755128836,0.4350923482849604,0.010647897491427541
LEAF_BLIGHT_to_label_2780.jpg,LEAF_BLIGHT,0.9998270869255066,0.10768096301020408,0.07880261479591837,0.32161016949152543,0.4866944533504328,0.42143253747917825,0.5758725341426404,0.014195903467856418
LEAF_BLIGHT_to_label_2781.jpg,LEAF_BLIGHT,0.9999978542327881,0.1432158801020408,0.03926179846938776,0.2006294256490952,0.33420707732634336,0.2129139994433621,0.7766497461928934,0.028182701652089408
LEAF_BLIGHT_to_label_2784.jpg,LEAF_BLIGHT,0.9999440908432007,0.07981903698979592,0.0546875,0.2429097605893186,0.39087272188472366,0.3293383270911361,0.4806851311953353,0.02028526148969889
LEAF_BLIGHT_to_label_2810.jpg,LEAF_BLIGHT,0.9999426603317261,0.1845703125,0.11997767857142858,0.4059251081056215,0.5774491198220012,0.47640643559010903,0.7328903654485049,0.0857451403887689
PHOMOPSIS_LEAF_SPOT_to_label_3714.jpg,PHOMOPSIS_LEAF_SPOT,0.9992877840995789,0.1828563456632653,0.037029655612244895,0.19056868457969137,0.3201305175382942,0.19247956403269756,0.9504843918191603,0.030992151338297445
PHOMOPSIS_LEAF_SPOT_to_label_3715.jpg,PHOMOPSIS_LEAF_SPOT,0.9997379183769226,0.12382413903061225,0.003168845663265306,0.01319764668468755,0.026051475204017578,0.013359085787864156,0.5220125786163522,0.017982017982017984
PHOMOPSIS_LEAF_SPOT_to_label_3726.jpg,PHOMOPSIS_LEAF_SPOT,0.9995412826538086,0.16605548469387754,0.06742267219387756,0.33170398999658973,0.49816474605207,0.35021603456553047,0.8625480342890925,0.09575955265610438
PHOMOPSIS_LEAF_SPOT_to_label_3730.jpg,PHOMOPSIS_LEAF_SPOT,0.9978352189064026,0.08450255102040816,0.004803093112244898,0.03750868256540866,0.07230528899799152,0.03820754716981132,0.6721991701244814,0.013466042154566744
PHOMOPSIS_LEAF_SPOT_to_label_3731.jpg,PHOMOPSIS_LEAF_SPOT,0.9986853003501892,0.10040656887755102,0.009347098214285714,0.005661066471877283,0.011258398402033775,0.006153235410877332,0.06609808102345416,0.0
PHOMOPSIS_LEAF_SPOT_to_label_3798.jpg,PHOMOPSIS_LEAF_SPOT,0.9993122816085815,0.18018574617346939,0.01686065051020408,0.06563914636775167,0.1231920703954688,0.06735980533126866,0.7198581560283688,0.035987182647276315
PHOMOPSIS_LEAF_SPOT_to_label_3847.jpg,PHOMOPSIS_LEAF_SPOT,0.9992631077766418,0.12344547193877552,0.007035235969387755,0.03953636074944427,0.07606537345349015,0.04020019373587343,0.7053824362606232,0.021922428330522766
PHOMOPSIS_LEAF_SPOT_to_label_3887.jpg,PHOMOPSIS_LEAF_SPOT,0.9817179441452026,0.12113360969387756,0.0034877232142857145,0.008223153821347952,0.016312170158324004,0.00839091806515301,0.2914285714285714,0.01703056768558952
PHOMOPSIS_LEAF_SPOT_to_label_3895.jpg,PHOMOPSIS_LEAF_SPOT,0.9997715353965759,0.1490154655612245,0.01056281887755102,0.03838672026974452,0.07393530660671913,0.03958807008158352,0.5584905660377358,0.040044085231447465
PHOMOPSIS_LEAF_SPOT_to_label_3906.jpg,PHOMOPSIS_LEAF_SPOT,0.9927405714988708,0.20770886479591838,0.04223134566326531,0.13513758146270818,0.2380990351646599,0.1432546536173479,0.7045776309579991,0.04436648782501032
